STATEFP,GEOID,county,state,StateAb,CountperGEOID
48,48057,Calhoun,Texas,TX,46
48,48007,Aransas,Texas,TX,46
48,48391,Refugio,Texas,TX,25
48,48025,Bee,Texas,TX,23
48,48297,Live Oak,Texas,TX,19
48,48311,McMullen,Texas,TX,25
48,48163,Frio,Texas,TX,19
48,48013,Atascosa,Texas,TX,24
48,48463,Uvalde,Texas,TX,8
48,48325,Medina,Texas,TX,8
48,48385,Real,Texas,TX,6
48,48137,Edwards,Texas,TX,13
48,48267,Kimble,Texas,TX,5
48,48413,Schleicher,Texas,TX,4
48,48435,Sutton,Texas,TX,5
12,12013,Calhoun,Florida,FL,32
12,12005,Bay,Florida,FL,62
13,13253,Seminole,Georgia,GA,16
12,12063,Jackson,Florida,FL,35
13,13007,Baker,Georgia,GA,26
13,13201,Miller,Georgia,GA,26
13,13205,Mitchell,Georgia,GA,30
13,13087,Decatur,Georgia,GA,33
13,13095,Dougherty,Georgia,GA,18
13,13177,Lee,Georgia,GA,20
13,13093,Dooly,Georgia,GA,16
13,13315,Wilcox,Georgia,GA,23
13,13081,Crisp,Georgia,GA,14
13,13321,Worth,Georgia,GA,34
13,13235,Pulaski,Georgia,GA,10
13,13091,Dodge,Georgia,GA,25
13,13175,Laurens,Georgia,GA,22
13,13167,Johnson,Georgia,GA,14
13,13033,Burke,Georgia,GA,29
13,13163,Jefferson,Georgia,GA,16
45,45003,Aiken,South Carolina,SC,33
45,45011,Barnwell,South Carolina,SC,19
45,45075,Orangeburg,South Carolina,SC,61
45,45017,Calhoun,South Carolina,SC,29
45,45079,Richland,South Carolina,SC,47
45,45061,Lee,South Carolina,SC,32
45,45085,Sumter,South Carolina,SC,41
45,45031,Darlington,South Carolina,SC,36
45,45069,Marlboro,South Carolina,SC,35
37,37155,Robeson,North Carolina,NC,42
45,45033,Dillon,South Carolina,SC,24
37,37163,Sampson,North Carolina,NC,57
37,37051,Cumberland,North Carolina,NC,36
37,37191,Wayne,North Carolina,NC,31
37,37117,Martin,North Carolina,NC,27
37,37079,Greene,North Carolina,NC,20
37,37147,Pitt,North Carolina,NC,28
37,37015,Bertie,North Carolina,NC,29
37,37139,Pasquotank,North Carolina,NC,25
37,37143,Perquimans,North Carolina,NC,21
37,37041,Chowan,North Carolina,NC,16
37,37053,Currituck,North Carolina,NC,45
37,37029,Camden,North Carolina,NC,33
48,48261,Kenedy,Texas,TX,58
44,44009,Washington,Rhode Island,RI,18
44,44007,Providence,Rhode Island,RI,23
44,44003,Kent,Rhode Island,RI,10
28,28059,Jackson,Mississippi,MS,57
1,1097,Mobile,Alabama,AL,60
1,1129,Washington,Alabama,AL,39
1,1025,Clarke,Alabama,AL,58
1,1003,Baldwin,Alabama,AL,81
1,1099,Monroe,Alabama,AL,46
1,1131,Wilcox,Alabama,AL,26
1,1013,Butler,Alabama,AL,23
1,1085,Lowndes,Alabama,AL,17
1,1101,Montgomery,Alabama,AL,17
1,1087,Macon,Alabama,AL,25
1,1081,Lee,Alabama,AL,24
13,13215,Muscogee,Georgia,GA,14
13,13145,Harris,Georgia,GA,16
13,13263,Talbot,Georgia,GA,7
13,13169,Jones,Georgia,GA,16
13,13207,Monroe,Georgia,GA,16
13,13293,Upson,Georgia,GA,8
13,13009,Baldwin,Georgia,GA,12
13,13141,Hancock,Georgia,GA,16
13,13303,Washington,Georgia,GA,16
13,13125,Glascock,Georgia,GA,12
13,13245,Richmond,Georgia,GA,13
45,45009,Bamberg,South Carolina,SC,18
45,45027,Clarendon,South Carolina,SC,49
45,45089,Williamsburg,South Carolina,SC,52
45,45043,Georgetown,South Carolina,SC,53
45,45051,Horry,South Carolina,SC,51
13,13189,McDuffie,Georgia,GA,15
45,45065,McCormick,South Carolina,SC,16
13,13073,Columbia,Georgia,GA,14
45,45037,Edgefield,South Carolina,SC,18
45,45063,Lexington,South Carolina,SC,26
45,45055,Kershaw,South Carolina,SC,28
37,37165,Scotland,North Carolina,NC,25
45,45025,Chesterfield,South Carolina,SC,33
37,37093,Hoke,North Carolina,NC,27
37,37101,Johnston,North Carolina,NC,28
37,37065,Edgecombe,North Carolina,NC,22
37,37195,Wilson,North Carolina,NC,17
37,37091,Hertford,North Carolina,NC,22
51,51550,Chesapeake,Virginia,VA,28
37,37073,Gates,North Carolina,NC,19
51,51810,Virginia Beach,Virginia,VA,22
12,12103,Pinellas,Florida,FL,40
12,12057,Hillsborough,Florida,FL,59
12,12105,Polk,Florida,FL,123
12,12097,Osceola,Florida,FL,66
12,12009,Brevard,Florida,FL,66
12,12065,Jefferson,Florida,FL,37
12,12073,Leon,Florida,FL,37
12,12037,Franklin,Florida,FL,42
12,12129,Wakulla,Florida,FL,39
13,13027,Brooks,Georgia,GA,37
13,13185,Lowndes,Georgia,GA,43
13,13075,Cook,Georgia,GA,17
13,13019,Berrien,Georgia,GA,30
13,13275,Thomas,Georgia,GA,30
13,13209,Montgomery,Georgia,GA,26
13,13279,Toombs,Georgia,GA,22
13,13003,Atkinson,Georgia,GA,32
13,13069,Coffee,Georgia,GA,37
13,13161,Jeff Davis,Georgia,GA,20
13,13267,Tattnall,Georgia,GA,30
45,45005,Allendale,South Carolina,SC,19
13,13251,Screven,Georgia,GA,29
13,13031,Bulloch,Georgia,GA,49
13,13043,Candler,Georgia,GA,30
45,45041,Florence,South Carolina,SC,32
37,37017,Bladen,North Carolina,NC,52
45,45067,Marion,South Carolina,SC,28
37,37107,Lenoir,North Carolina,NC,27
37,37061,Duplin,North Carolina,NC,40
37,37013,Beaufort,North Carolina,NC,60
37,37095,Hyde,North Carolina,NC,80
37,37177,Tyrrell,North Carolina,NC,33
37,37187,Washington,North Carolina,NC,18
37,37055,Dare,North Carolina,NC,80
12,12115,Sarasota,Florida,FL,20
12,12027,DeSoto,Florida,FL,26
12,12055,Highlands,Florida,FL,57
12,12093,Okeechobee,Florida,FL,60
12,12111,St. Lucie,Florida,FL,45
12,12075,Levy,Florida,FL,53
12,12017,Citrus,Florida,FL,45
12,12001,Alachua,Florida,FL,41
12,12125,Union,Florida,FL,19
12,12003,Baker,Florida,FL,27
13,13049,Charlton,Georgia,GA,45
13,13299,Ware,Georgia,GA,56
13,13305,Wayne,Georgia,GA,42
13,13025,Brantley,Georgia,GA,32
13,13179,Liberty,Georgia,GA,50
13,13191,McIntosh,Georgia,GA,36
13,13051,Chatham,Georgia,GA,43
13,13029,Bryan,Georgia,GA,52
45,45053,Jasper,South Carolina,SC,49
45,45013,Beaufort,South Carolina,SC,49
45,45029,Colleton,South Carolina,SC,65
45,45035,Dorchester,South Carolina,SC,51
45,45015,Berkeley,South Carolina,SC,70
12,12033,Escambia,Florida,FL,53
12,12113,Santa Rosa,Florida,FL,58
1,1039,Covington,Alabama,AL,31
1,1053,Escambia,Alabama,AL,51
1,1005,Barbour,Alabama,AL,28
1,1045,Dale,Alabama,AL,21
1,1031,Coffee,Alabama,AL,31
13,13243,Randolph,Georgia,GA,20
13,13239,Quitman,Georgia,GA,13
13,13259,Stewart,Georgia,GA,22
13,13307,Webster,Georgia,GA,13
13,13127,Glynn,Georgia,GA,28
13,13107,Emanuel,Georgia,GA,39
13,13319,Wilkinson,Georgia,GA,14
13,13149,Heard,Georgia,GA,14
13,13077,Coweta,Georgia,GA,14
13,13171,Lamar,Georgia,GA,8
1,1015,Calhoun,Alabama,AL,10
1,1029,Cleburne,Alabama,AL,11
1,1111,Randolph,Alabama,AL,14
13,13255,Spalding,Georgia,GA,7
13,13199,Meriwether,Georgia,GA,18
13,13231,Pike,Georgia,GA,7
1,1121,Talladega,Alabama,AL,13
1,1055,Etowah,Alabama,AL,18
1,1049,DeKalb,Alabama,AL,20
1,1071,Jackson,Alabama,AL,15
13,13083,Dade,Georgia,GA,6
47,47115,Marion,Tennessee,TN,14
47,47065,Hamilton,Tennessee,TN,10
47,47121,Meigs,Tennessee,TN,5
47,47107,McMinn,Tennessee,TN,11
47,47123,Monroe,Tennessee,TN,12
47,47105,Loudon,Tennessee,TN,5
47,47009,Blount,Tennessee,TN,7
47,47093,Knox,Tennessee,TN,6
48,48061,Cameron,Texas,TX,40
48,48215,Hidalgo,Texas,TX,24
48,48427,Starr,Texas,TX,14
48,48505,Zapata,Texas,TX,22
48,48047,Brooks,Texas,TX,28
13,13103,Effingham,Georgia,GA,33
13,13165,Jenkins,Georgia,GA,19
45,45057,Lancaster,South Carolina,SC,20
45,45039,Fairfield,South Carolina,SC,20
37,37007,Anson,North Carolina,NC,11
37,37085,Harnett,North Carolina,NC,34
37,37153,Richmond,North Carolina,NC,19
37,37125,Moore,North Carolina,NC,23
37,37083,Halifax,North Carolina,NC,40
37,37037,Chatham,North Carolina,NC,17
37,37123,Montgomery,North Carolina,NC,9
37,37151,Randolph,North Carolina,NC,15
37,37063,Durham,North Carolina,NC,14
37,37135,Orange,North Carolina,NC,15
37,37077,Granville,North Carolina,NC,23
37,37185,Warren,North Carolina,NC,22
37,37181,Vance,North Carolina,NC,14
51,51175,Southampton,Virginia,VA,27
37,37131,Northampton,North Carolina,NC,37
51,51081,Greensville,Virginia,VA,17
51,51093,Isle of Wight,Virginia,VA,13
51,51740,Portsmouth,Virginia,VA,13
51,51800,Suffolk,Virginia,VA,14
51,51620,Franklin,Virginia,VA,5
51,51710,Norfolk,Virginia,VA,10
48,48039,Brazoria,Texas,TX,73
48,48201,Harris,Texas,TX,85
48,48339,Montgomery,Texas,TX,47
48,48199,Hardin,Texas,TX,26
48,48291,Liberty,Texas,TX,45
48,48241,Jasper,Texas,TX,35
22,22011,Beauregard,Louisiana,LA,32
48,48351,Newton,Texas,TX,27
22,22003,Allen,Louisiana,LA,28
22,22039,Evangeline,Louisiana,LA,27
22,22097,St. Landry,Louisiana,LA,34
28,28045,Hancock,Mississippi,MS,27
22,22103,St. Tammany,Louisiana,LA,48
22,22105,Tangipahoa,Louisiana,LA,43
22,22095,St. John the Baptist,Louisiana,LA,27
22,22063,Livingston,Louisiana,LA,28
12,12087,Monroe,Florida,FL,141
22,22075,Plaquemines,Louisiana,LA,103
22,22051,Jefferson,Louisiana,LA,45
22,22089,St. Charles,Louisiana,LA,20
22,22005,Ascension,Louisiana,LA,20
22,22093,St. James,Louisiana,LA,17
22,22033,East Baton Rouge,Louisiana,LA,19
22,22047,Iberville,Louisiana,LA,42
22,22121,West Baton Rouge,Louisiana,LA,17
22,22077,Pointe Coupee,Louisiana,LA,32
22,22125,West Feliciana,Louisiana,LA,23
22,22009,Avoyelles,Louisiana,LA,22
22,22025,Catahoula,Louisiana,LA,22
22,22059,LaSalle,Louisiana,LA,23
22,22127,Winn,Louisiana,LA,20
22,22087,St. Bernard,Louisiana,LA,55
28,28047,Harrison,Mississippi,MS,46
28,28131,Stone,Mississippi,MS,31
28,28035,Forrest,Mississippi,MS,16
28,28067,Jones,Mississippi,MS,29
28,28129,Smith,Mississippi,MS,18
28,28061,Jasper,Mississippi,MS,30
28,28029,Copiah,Mississippi,MS,12
28,28121,Rankin,Mississippi,MS,23
28,28127,Simpson,Mississippi,MS,25
28,28049,Hinds,Mississippi,MS,15
22,22109,Terrebonne,Louisiana,LA,72
22,22101,St. Mary,Louisiana,LA,38
22,22045,Iberia,Louisiana,LA,33
22,22055,Lafayette,Louisiana,LA,11
22,22113,Vermilion,Louisiana,LA,36
22,22001,Acadia,Louisiana,LA,16
22,22079,Rapides,Louisiana,LA,30
22,22043,Grant,Louisiana,LA,20
22,22021,Caldwell,Louisiana,LA,19
22,22041,Franklin,Louisiana,LA,23
22,22107,Tensas,Louisiana,LA,13
28,28149,Warren,Mississippi,MS,22
22,22065,Madison,Louisiana,LA,19
28,28021,Claiborne,Mississippi,MS,22
37,37031,Carteret,North Carolina,NC,91
37,37137,Pamlico,North Carolina,NC,34
51,51131,Northampton,Virginia,VA,20
51,51001,Accomack,Virginia,VA,34
12,12133,Washington,Florida,FL,29
1,1069,Houston,Alabama,AL,24
13,13099,Early,Georgia,GA,29
13,13283,Treutlen,Georgia,GA,15
37,37047,Columbus,North Carolina,NC,42
37,37103,Jones,North Carolina,NC,45
37,37133,Onslow,North Carolina,NC,52
37,37141,Pender,North Carolina,NC,60
37,37049,Craven,North Carolina,NC,61
22,22057,Lafourche,Louisiana,LA,66
22,22099,St. Martin,Louisiana,LA,41
22,22007,Assumption,Louisiana,LA,18
12,12086,Miami-Dade,Florida,FL,107
12,12021,Collier,Florida,FL,99
12,12011,Broward,Florida,FL,50
12,12099,Palm Beach,Florida,FL,100
48,48247,Jim Hogg,Texas,TX,23
12,12051,Hendry,Florida,FL,52
12,12043,Glades,Florida,FL,52
12,12095,Orange,Florida,FL,40
12,12127,Volusia,Florida,FL,81
12,12053,Hernando,Florida,FL,41
12,12101,Pasco,Florida,FL,64
12,12119,Sumter,Florida,FL,42
12,12069,Lake,Florida,FL,61
12,12083,Marion,Florida,FL,75
12,12107,Putnam,Florida,FL,49
12,12035,Flagler,Florida,FL,47
36,36103,Suffolk,New York,NY,43
25,25017,Middlesex,Massachusetts,MA,22
23,23031,York,Maine,ME,21
33,33015,Rockingham,New Hampshire,NH,24
33,33017,Strafford,New Hampshire,NH,13
25,25009,Essex,Massachusetts,MA,17
25,25021,Norfolk,Massachusetts,MA,13
23,23005,Cumberland,Maine,ME,24
25,25027,Worcester,Massachusetts,MA,31
23,23007,Franklin,Maine,ME,20
23,23025,Somerset,Maine,ME,41
23,23011,Kennebec,Maine,ME,15
23,23021,Piscataquis,Maine,ME,42
23,23001,Androscoggin,Maine,ME,9
23,23003,Aroostook,Maine,ME,41
12,12041,Gilchrist,Florida,FL,20
12,12029,Dixie,Florida,FL,37
12,12007,Bradford,Florida,FL,15
12,12031,Duval,Florida,FL,45
12,12019,Clay,Florida,FL,33
1,1035,Conecuh,Alabama,AL,34
1,1051,Elmore,Alabama,AL,21
1,1017,Chambers,Alabama,AL,19
13,13285,Troup,Georgia,GA,25
1,1123,Tallapoosa,Alabama,AL,29
13,13217,Newton,Georgia,GA,9
13,13113,Fayette,Georgia,GA,13
13,13151,Henry,Georgia,GA,5
13,13297,Walton,Georgia,GA,12
13,13195,Madison,Georgia,GA,4
13,13219,Oconee,Georgia,GA,8
13,13059,Clarke,Georgia,GA,8
45,45001,Abbeville,South Carolina,SC,13
13,13211,Morgan,Georgia,GA,5
13,13105,Elbert,Georgia,GA,8
13,13221,Oglethorpe,Georgia,GA,9
45,45091,York,South Carolina,SC,19
45,45059,Laurens,South Carolina,SC,19
45,45083,Spartanburg,South Carolina,SC,19
45,45087,Union,South Carolina,SC,13
45,45023,Chester,South Carolina,SC,18
37,37057,Davidson,North Carolina,NC,18
37,37159,Rowan,North Carolina,NC,22
37,37025,Cabarrus,North Carolina,NC,14
37,37119,Mecklenburg,North Carolina,NC,16
37,37167,Stanly,North Carolina,NC,10
37,37145,Person,North Carolina,NC,10
37,37001,Alamance,North Carolina,NC,13
51,51053,Dinwiddie,Virginia,VA,18
51,51025,Brunswick,Virginia,VA,24
51,51117,Mecklenburg,Virginia,VA,23
51,51073,Gloucester,Virginia,VA,17
51,51149,Prince George,Virginia,VA,18
51,51036,Charles City,Virginia,VA,22
51,51095,James City,Virginia,VA,17
51,51103,Lancaster,Virginia,VA,11
51,51119,Middlesex,Virginia,VA,9
12,12015,Charlotte,Florida,FL,44
1,1067,Henry,Alabama,AL,28
13,13037,Calhoun,Georgia,GA,16
13,13277,Tift,Georgia,GA,26
13,13155,Irwin,Georgia,GA,25
13,13005,Bacon,Georgia,GA,27
13,13001,Appling,Georgia,GA,30
13,13183,Long,Georgia,GA,31
28,28039,George,Mississippi,MS,39
28,28111,Perry,Mississippi,MS,29
28,28041,Greene,Mississippi,MS,36
1,1023,Choctaw,Alabama,AL,33
28,28153,Wayne,Mississippi,MS,30
1,1065,Hale,Alabama,AL,20
1,1063,Greene,Alabama,AL,25
1,1091,Marengo,Alabama,AL,37
1,1119,Sumter,Alabama,AL,30
1,1117,Shelby,Alabama,AL,30
1,1007,Bibb,Alabama,AL,24
1,1115,St. Clair,Alabama,AL,24
1,1073,Jefferson,Alabama,AL,21
22,22037,East Feliciana,Louisiana,LA,17
28,28005,Amite,Mississippi,MS,27
28,28037,Franklin,Mississippi,MS,26
28,28063,Jefferson,Mississippi,MS,18
28,28055,Issaquena,Mississippi,MS,17
28,28163,Yazoo,Mississippi,MS,15
28,28053,Humphreys,Mississippi,MS,7
28,28125,Sharkey,Mississippi,MS,9
28,28133,Sunflower,Mississippi,MS,18
28,28135,Tallahatchie,Mississippi,MS,13
28,28065,Jefferson Davis,Mississippi,MS,17
28,28073,Lamar,Mississippi,MS,16
28,28077,Lawrence,Mississippi,MS,15
28,28085,Lincoln,Mississippi,MS,14
22,22083,Richland,Louisiana,LA,14
12,12077,Liberty,Florida,FL,32
12,12045,Gulf,Florida,FL,33
13,13109,Evans,Georgia,GA,20
13,13173,Lanier,Georgia,GA,30
45,45049,Hampton,South Carolina,SC,25
37,37069,Franklin,North Carolina,NC,27
37,37183,Wake,North Carolina,NC,35
51,51135,Nottoway,Virginia,VA,16
51,51085,Hanover,Virginia,VA,20
51,51145,Powhatan,Virginia,VA,11
51,51177,Spotsylvania,Virginia,VA,10
51,51007,Amelia,Virginia,VA,15
51,51041,Chesterfield,Virginia,VA,17
51,51107,Loudoun,Virginia,VA,20
51,51179,Stafford,Virginia,VA,7
51,51059,Fairfax,Virginia,VA,10
51,51153,Prince William,Virginia,VA,9
51,51075,Goochland,Virginia,VA,10
51,51061,Fauquier,Virginia,VA,17
42,42099,Perry,Pennsylvania,PA,15
42,42133,York,Pennsylvania,PA,22
42,42041,Cumberland,Pennsylvania,PA,17
42,42043,Dauphin,Pennsylvania,PA,11
42,42097,Northumberland,Pennsylvania,PA,10
42,42001,Adams,Pennsylvania,PA,14
42,42109,Snyder,Pennsylvania,PA,11
36,36107,Tioga,New York,NY,8
42,42119,Union,Pennsylvania,PA,8
42,42081,Lycoming,Pennsylvania,PA,16
42,42113,Sullivan,Pennsylvania,PA,8
42,42015,Bradford,Pennsylvania,PA,10
42,42093,Montour,Pennsylvania,PA,2
36,36053,Madison,New York,NY,9
36,36065,Oneida,New York,NY,5
36,36075,Oswego,New York,NY,4
36,36067,Onondaga,New York,NY,8
36,36049,Lewis,New York,NY,2
36,36109,Tompkins,New York,NY,7
36,36023,Cortland,New York,NY,7
36,36045,Jefferson,New York,NY,8
36,36089,St. Lawrence,New York,NY,5
10,10005,Sussex,Delaware,DE,28
34,34001,Atlantic,New Jersey,NJ,23
34,34005,Burlington,New Jersey,NJ,21
34,34025,Monmouth,New Jersey,NJ,17
34,34029,Ocean,New Jersey,NJ,23
34,34011,Cumberland,New Jersey,NJ,11
9,9009,New Haven,Connecticut,CT,20
36,36047,Kings,New York,NY,9
36,36081,Queens,New York,NY,12
9,9001,Fairfield,Connecticut,CT,13
9,9003,Hartford,Connecticut,CT,21
36,36005,Bronx,New York,NY,8
25,25013,Hampden,Massachusetts,MA,16
33,33011,Hillsborough,New Hampshire,NH,21
25,25015,Hampshire,Massachusetts,MA,11
23,23013,Knox,Maine,ME,14
23,23015,Lincoln,Maine,ME,17
23,23023,Sagadahoc,Maine,ME,10
23,23027,Waldo,Maine,ME,15
23,23009,Hancock,Maine,ME,21
23,23029,Washington,Maine,ME,28
12,12131,Walton,Florida,FL,58
12,12091,Okaloosa,Florida,FL,62
12,12059,Holmes,Florida,FL,26
13,13271,Telfair,Georgia,GA,28
13,13287,Turner,Georgia,GA,11
13,13017,Ben Hill,Georgia,GA,14
13,13309,Wheeler,Georgia,GA,20
37,37105,Lee,North Carolina,NC,8
51,51099,King George,Virginia,VA,12
51,51033,Caroline,Virginia,VA,20
51,51087,Henrico,Virginia,VA,14
51,51760,Richmond,Virginia,VA,8
11,11001,District of Columbia,District of Columbia,DC,3
51,51510,Alexandria,Virginia,VA,2
51,51013,Arlington,Virginia,VA,3
42,42071,Lancaster,Pennsylvania,PA,18
42,42075,Lebanon,Pennsylvania,PA,6
42,42107,Schuylkill,Pennsylvania,PA,8
42,42037,Columbia,Pennsylvania,PA,5
36,36007,Broome,New York,NY,6
12,12061,Indian River,Florida,FL,41
9,9011,New London,Connecticut,CT,17
48,48273,Kleberg,Texas,TX,32
48,48355,Nueces,Texas,TX,24
48,48249,Jim Wells,Texas,TX,21
48,48131,Duval,Texas,TX,25
28,28023,Clarke,Mississippi,MS,20
28,28101,Newton,Mississippi,MS,28
28,28123,Scott,Mississippi,MS,12
28,28089,Madison,Mississippi,MS,18
28,28051,Holmes,Mississippi,MS,20
28,28083,Leflore,Mississippi,MS,22
28,28027,Coahoma,Mississippi,MS,10
5,5107,Phillips,Arkansas,AR,7
5,5077,Lee,Arkansas,AR,5
5,5123,St. Francis,Arkansas,AR,4
5,5035,Crittenden,Arkansas,AR,10
1,1061,Geneva,Alabama,AL,29
1,1041,Crenshaw,Alabama,AL,16
1,1109,Pike,Alabama,AL,20
1,1001,Autauga,Alabama,AL,22
1,1021,Chilton,Alabama,AL,15
1,1043,Cullman,Alabama,AL,17
1,1133,Winston,Alabama,AL,11
1,1127,Walker,Alabama,AL,16
1,1079,Lawrence,Alabama,AL,13
1,1077,Lauderdale,Alabama,AL,14
47,47099,Lawrence,Tennessee,TN,6
47,47135,Perry,Tennessee,TN,9
47,47101,Lewis,Tennessee,TN,7
47,47181,Wayne,Tennessee,TN,15
47,47005,Benton,Tennessee,TN,7
47,47085,Humphreys,Tennessee,TN,12
47,47079,Henry,Tennessee,TN,8
21,21035,Calloway,Kentucky,KY,11
21,21157,Marshall,Kentucky,KY,12
21,21139,Livingston,Kentucky,KY,8
21,21055,Crittenden,Kentucky,KY,8
17,17059,Gallatin,Illinois,IL,6
17,17069,Hardin,Illinois,IL,5
18,18129,Posey,Indiana,IN,6
17,17185,Wabash,Illinois,IL,6
18,18051,Gibson,Indiana,IN,9
17,17193,White,Illinois,IL,10
17,17101,Lawrence,Illinois,IL,5
17,17033,Crawford,Illinois,IL,2
18,18153,Sullivan,Indiana,IN,3
18,18167,Vigo,Indiana,IN,5
18,18121,Parke,Indiana,IN,4
18,18157,Tippecanoe,Indiana,IN,6
18,18107,Montgomery,Indiana,IN,6
18,18085,Kosciusko,Indiana,IN,5
18,18017,Cass,Indiana,IN,4
18,18015,Carroll,Indiana,IN,5
18,18049,Fulton,Indiana,IN,5
18,18039,Elkhart,Indiana,IN,7
18,18023,Clinton,Indiana,IN,4
26,26023,Branch,Michigan,MI,5
26,26037,Clinton,Michigan,MI,3
26,26065,Ingham,Michigan,MI,3
26,26149,St. Joseph,Michigan,MI,4
26,26155,Shiawassee,Michigan,MI,6
26,26045,Eaton,Michigan,MI,7
26,26025,Calhoun,Michigan,MI,7
18,18087,Lagrange,Indiana,IN,3
26,26017,Bay,Michigan,MI,9
26,26145,Saginaw,Michigan,MI,7
12,12085,Martin,Florida,FL,63
12,12089,Nassau,Florida,FL,35
13,13039,Camden,Georgia,GA,44
37,37179,Union,North Carolina,NC,17
37,37081,Guilford,North Carolina,NC,19
51,51083,Halifax,Virginia,VA,16
51,51143,Pittsylvania,Virginia,VA,12
37,37033,Caswell,North Carolina,NC,7
37,37157,Rockingham,North Carolina,NC,14
51,51590,Danville,Virginia,VA,3
51,51029,Buckingham,Virginia,VA,17
51,51031,Campbell,Virginia,VA,8
51,51011,Appomattox,Virginia,VA,9
51,51065,Fluvanna,Virginia,VA,8
51,51137,Orange,Virginia,VA,5
51,51003,Albemarle,Virginia,VA,14
51,51047,Culpeper,Virginia,VA,8
51,51109,Louisa,Virginia,VA,8
42,42131,Wyoming,Pennsylvania,PA,5
42,42115,Susquehanna,Pennsylvania,PA,5
42,42079,Luzerne,Pennsylvania,PA,7
36,36025,Delaware,New York,NY,11
36,36095,Schoharie,New York,NY,11
36,36001,Albany,New York,NY,8
50,50003,Bennington,Vermont,VT,10
36,36083,Rensselaer,New York,NY,6
50,50027,Windsor,Vermont,VT,9
50,50025,Windham,Vermont,VT,13
33,33019,Sullivan,New Hampshire,NH,5
33,33009,Grafton,New Hampshire,NH,16
33,33007,Coos,New Hampshire,NH,14
23,23017,Oxford,Maine,ME,25
23,23019,Penobscot,Maine,ME,27
34,34007,Camden,New Jersey,NJ,10
34,34015,Gloucester,New Jersey,NJ,10
10,10001,Kent,Delaware,DE,11
34,34003,Bergen,New Jersey,NJ,5
34,34013,Essex,New Jersey,NJ,7
34,34023,Middlesex,New Jersey,NJ,4
34,34021,Mercer,New Jersey,NJ,1
34,34035,Somerset,New Jersey,NJ,6
36,36119,Westchester,New York,NY,16
34,34031,Passaic,New Jersey,NJ,7
36,36079,Putnam,New York,NY,7
36,36027,Dutchess,New York,NY,12
34,34039,Union,New Jersey,NJ,2
36,36087,Rockland,New York,NY,8
48,48167,Galveston,Texas,TX,45
48,48071,Chambers,Texas,TX,33
48,48245,Jefferson,Texas,TX,44
22,22023,Cameron,Louisiana,LA,52
22,22019,Calcasieu,Louisiana,LA,30
22,22053,Jefferson Davis,Louisiana,LA,14
13,13261,Sumter,Georgia,GA,18
13,13193,Macon,Georgia,GA,12
13,13153,Houston,Georgia,GA,16
13,13289,Twiggs,Georgia,GA,14
13,13023,Bleckley,Georgia,GA,10
45,45071,Newberry,South Carolina,SC,14
45,45081,Saluda,South Carolina,SC,10
51,51037,Charlotte,Virginia,VA,10
51,51111,Lunenburg,Virginia,VA,12
10,10003,New Castle,Delaware,DE,8
34,34033,Salem,New Jersey,NJ,5
33,33013,Merrimack,New Hampshire,NH,13
33,33001,Belknap,New Hampshire,NH,10
51,51133,Northumberland,Virginia,VA,13
42,42067,Juniata,Pennsylvania,PA,11
42,42117,Tioga,Pennsylvania,PA,9
36,36015,Chemung,New York,NY,3
36,36011,Cayuga,New York,NY,4
48,48361,Orange,Texas,TX,13
48,48405,San Augustine,Texas,TX,15
48,48403,Sabine,Texas,TX,9
48,48419,Shelby,Texas,TX,14
48,48365,Panola,Texas,TX,18
48,48203,Harrison,Texas,TX,19
48,48067,Cass,Texas,TX,8
48,48315,Marion,Texas,TX,6
48,48469,Victoria,Texas,TX,33
48,48175,Goliad,Texas,TX,29
48,48177,Gonzales,Texas,TX,25
48,48123,DeWitt,Texas,TX,26
48,48187,Guadalupe,Texas,TX,7
48,48053,Burnet,Texas,TX,5
48,48091,Comal,Texas,TX,6
48,48209,Hays,Texas,TX,6
48,48299,Llano,Texas,TX,5
48,48031,Blanco,Texas,TX,6
48,48411,San Saba,Texas,TX,3
48,48083,Coleman,Texas,TX,3
48,48049,Brown,Texas,TX,1
9,9005,Litchfield,Connecticut,CT,11
25,25003,Berkshire,Massachusetts,MA,15
50,50017,Orange,Vermont,VT,6
25,25011,Franklin,Massachusetts,MA,10
45,45019,Charleston,South Carolina,SC,64
12,12039,Gadsden,Florida,FL,39
13,13131,Grady,Georgia,GA,21
13,13071,Colquitt,Georgia,GA,29
51,51183,Sussex,Virginia,VA,21
51,51127,New Kent,Virginia,VA,12
51,51101,King William,Virginia,VA,18
51,51097,King and Queen,Virginia,VA,26
51,51057,Essex,Virginia,VA,21
51,51159,Richmond,Virginia,VA,12
51,51193,Westmoreland,Virginia,VA,12
42,42011,Berks,Pennsylvania,PA,7
42,42077,Lehigh,Pennsylvania,PA,6
42,42095,Northampton,Pennsylvania,PA,10
34,34041,Warren,New Jersey,NJ,10
34,34037,Sussex,New Jersey,NJ,9
36,36071,Orange,New York,NY,10
33,33005,Cheshire,New Hampshire,NH,10
33,33003,Carroll,New Hampshire,NH,12
13,13065,Clinch,Georgia,GA,39
13,13229,Pierce,Georgia,GA,24
48,48283,La Salle,Texas,TX,18
48,48507,Zavala,Texas,TX,15
48,48323,Maverick,Texas,TX,11
48,48271,Kinney,Texas,TX,8
48,48465,Val Verde,Texas,TX,13
48,48443,Terrell,Texas,TX,11
48,48371,Pecos,Texas,TX,10
48,48389,Reeves,Texas,TX,5
48,48109,Culberson,Texas,TX,4
25,25025,Suffolk,Massachusetts,MA,4
25,25005,Bristol,Massachusetts,MA,14
44,44001,Bristol,Rhode Island,RI,5
44,44005,Newport,Rhode Island,RI,6
22,22071,Orleans,Louisiana,LA,24
28,28075,Lauderdale,Mississippi,MS,17
28,28069,Kemper,Mississippi,MS,23
1,1107,Pickens,Alabama,AL,15
1,1125,Tuscaloosa,Alabama,AL,32
1,1095,Marshall,Alabama,AL,9
25,25001,Barnstable,Massachusetts,MA,21
25,25007,Dukes,Massachusetts,MA,10
48,48471,Walker,Texas,TX,20
48,48225,Houston,Texas,TX,23
48,48313,Madison,Texas,TX,11
48,48289,Leon,Texas,TX,15
48,48001,Anderson,Texas,TX,14
48,48073,Cherokee,Texas,TX,20
48,48455,Trinity,Texas,TX,27
48,48407,San Jacinto,Texas,TX,25
48,48157,Fort Bend,Texas,TX,47
48,48321,Matagorda,Texas,TX,57
48,48239,Jackson,Texas,TX,16
48,48373,Polk,Texas,TX,28
48,48457,Tyler,Texas,TX,23
48,48005,Angelina,Texas,TX,24
22,22085,Sabine,Louisiana,LA,19
22,22069,Natchitoches,Louisiana,LA,23
22,22029,Concordia,Louisiana,LA,13
28,28157,Wilkinson,Mississippi,MS,26
28,28001,Adams,Mississippi,MS,14
28,28113,Pike,Mississippi,MS,11
28,28099,Neshoba,Mississippi,MS,25
28,28103,Noxubee,Mississippi,MS,23
28,28159,Winston,Mississippi,MS,22
28,28087,Lowndes,Mississippi,MS,18
1,1075,Lamar,Alabama,AL,15
1,1093,Marion,Alabama,AL,12
1,1057,Fayette,Alabama,AL,13
1,1059,Franklin,Alabama,AL,11
1,1083,Limestone,Alabama,AL,11
47,47055,Giles,Tennessee,TN,8
47,47103,Lincoln,Tennessee,TN,23
47,47003,Bedford,Tennessee,TN,12
47,47117,Marshall,Tennessee,TN,7
12,12123,Taylor,Florida,FL,40
13,13053,Chattahoochee,Georgia,GA,13
13,13035,Butts,Georgia,GA,9
13,13159,Jasper,Georgia,GA,8
13,13237,Putnam,Georgia,GA,10
13,13301,Warren,Georgia,GA,19
37,37019,Brunswick,North Carolina,NC,71
37,37129,New Hanover,North Carolina,NC,36
12,12067,Lafayette,Florida,FL,31
12,12023,Columbia,Florida,FL,29
12,12121,Suwannee,Florida,FL,32
12,12047,Hamilton,Florida,FL,38
13,13101,Echols,Georgia,GA,21
28,28105,Oktibbeha,Mississippi,MS,17
28,28025,Clay,Mississippi,MS,20
28,28017,Chickasaw,Mississippi,MS,16
12,12117,Seminole,Florida,FL,15
51,51181,Surry,Virginia,VA,17
36,36059,Nassau,New York,NY,11
9,9007,Middlesex,Connecticut,CT,14
25,25023,Plymouth,Massachusetts,MA,22
12,12079,Madison,Florida,FL,35
12,12071,Lee,Florida,FL,48
48,48029,Bexar,Texas,TX,18
48,48259,Kendall,Texas,TX,8
48,48333,Mills,Texas,TX,2
48,48281,Lampasas,Texas,TX,2
48,48193,Hamilton,Texas,TX,6
48,48093,Comanche,Texas,TX,3
48,48143,Erath,Texas,TX,8
48,48489,Willacy,Texas,TX,21
48,48479,Webb,Texas,TX,34
51,51199,York,Virginia,VA,14
51,51115,Mathews,Virginia,VA,5
51,51700,Newport News,Virginia,VA,10
34,34009,Cape May,New Jersey,NJ,14
9,9013,Tolland,Connecticut,CT,14
48,48285,Lavaca,Texas,TX,19
48,48089,Colorado,Texas,TX,14
48,48473,Waller,Texas,TX,26
48,48015,Austin,Texas,TX,19
22,22117,Washington,Louisiana,LA,29
22,22091,St. Helena,Louisiana,LA,20
28,28091,Marion,Mississippi,MS,29
28,28147,Walthall,Mississippi,MS,14
1,1011,Bullock,Alabama,AL,17
13,13157,Jackson,Georgia,GA,3
13,13247,Rockdale,Georgia,GA,5
13,13013,Barrow,Georgia,GA,3
45,45007,Anderson,South Carolina,SC,9
45,45045,Greenville,South Carolina,SC,16
13,13147,Hart,Georgia,GA,4
37,37059,Davie,North Carolina,NC,13
45,45021,Cherokee,South Carolina,SC,8
37,37097,Iredell,North Carolina,NC,16
37,37109,Lincoln,North Carolina,NC,10
37,37071,Gaston,North Carolina,NC,10
37,37045,Cleveland,North Carolina,NC,10
51,51730,Petersburg,Virginia,VA,3
51,51685,Manassas Park,Virginia,VA,2
42,42061,Huntingdon,Pennsylvania,PA,6
42,42055,Franklin,Pennsylvania,PA,11
42,42057,Fulton,Pennsylvania,PA,4
42,42035,Clinton,Pennsylvania,PA,6
42,42027,Centre,Pennsylvania,PA,6
42,42033,Clearfield,Pennsylvania,PA,11
42,42023,Cameron,Pennsylvania,PA,3
42,42105,Potter,Pennsylvania,PA,3
36,36003,Allegany,New York,NY,6
36,36101,Steuben,New York,NY,6
36,36123,Yates,New York,NY,2
36,36099,Seneca,New York,NY,3
36,36017,Chenango,New York,NY,6
36,36077,Otsego,New York,NY,11
36,36021,Columbia,New York,NY,5
36,36039,Greene,New York,NY,5
51,51570,Colonial Heights,Virginia,VA,2
12,12109,St. Johns,Florida,FL,34
51,51019,Bedford,Virginia,VA,22
51,51023,Botetourt,Virginia,VA,9
51,51067,Franklin,Virginia,VA,17
51,51089,Henry,Virginia,VA,13
51,51163,Rockbridge,Virginia,VA,10
51,51015,Augusta,Virginia,VA,8
51,51017,Bath,Virginia,VA,5
51,51091,Highland,Virginia,VA,8
54,54071,Pendleton,West Virginia,WV,9
54,54083,Randolph,West Virginia,WV,7
42,42111,Somerset,Pennsylvania,PA,4
54,54023,Grant,West Virginia,WV,3
54,54093,Tucker,West Virginia,WV,2
42,42129,Westmoreland,Pennsylvania,PA,8
42,42083,McKean,Pennsylvania,PA,8
42,42047,Elk,Pennsylvania,PA,6
42,42063,Indiana,Pennsylvania,PA,6
42,42065,Jefferson,Pennsylvania,PA,3
36,36029,Erie,New York,NY,3
36,36009,Cattaraugus,New York,NY,9
36,36063,Niagara,New York,NY,3
42,42127,Wayne,Pennsylvania,PA,6
42,42069,Lackawanna,Pennsylvania,PA,7
42,42025,Carbon,Pennsylvania,PA,2
36,36105,Sullivan,New York,NY,8
22,22031,De Soto,Louisiana,LA,14
22,22119,Webster,Louisiana,LA,15
22,22017,Caddo,Louisiana,LA,20
22,22015,Bossier,Louisiana,LA,16
5,5027,Columbia,Arkansas,AR,10
5,5103,Ouachita,Arkansas,AR,8
5,5039,Dallas,Arkansas,AR,10
5,5053,Grant,Arkansas,AR,12
5,5069,Jefferson,Arkansas,AR,15
5,5117,Prairie,Arkansas,AR,5
5,5119,Pulaski,Arkansas,AR,19
5,5085,Lonoke,Arkansas,AR,10
5,5147,Woodruff,Arkansas,AR,6
5,5037,Cross,Arkansas,AR,2
5,5111,Poinsett,Arkansas,AR,6
47,47097,Lauderdale,Tennessee,TN,10
5,5093,Mississippi,Arkansas,AR,18
47,47053,Gibson,Tennessee,TN,11
47,47045,Dyer,Tennessee,TN,13
47,47033,Crockett,Tennessee,TN,11
47,47017,Carroll,Tennessee,TN,7
47,47083,Houston,Tennessee,TN,10
47,47125,Montgomery,Tennessee,TN,8
47,47161,Stewart,Tennessee,TN,6
21,21219,Todd,Kentucky,KY,7
21,21141,Logan,Kentucky,KY,7
21,21227,Warren,Kentucky,KY,5
21,21001,Adair,Kentucky,KY,4
21,21169,Metcalfe,Kentucky,KY,2
21,21087,Green,Kentucky,KY,7
21,21009,Barren,Kentucky,KY,5
21,21061,Edmonson,Kentucky,KY,3
21,21125,Laurel,Kentucky,KY,4
21,21203,Rockcastle,Kentucky,KY,5
21,21045,Casey,Kentucky,KY,5
21,21207,Russell,Kentucky,KY,4
21,21199,Pulaski,Kentucky,KY,9
21,21131,Leslie,Kentucky,KY,5
21,21119,Knott,Kentucky,KY,4
21,21193,Perry,Kentucky,KY,5
21,21051,Clay,Kentucky,KY,6
21,21195,Pike,Kentucky,KY,11
51,51051,Dickenson,Virginia,VA,5
54,54047,McDowell,West Virginia,WV,9
21,21133,Letcher,Kentucky,KY,3
51,51027,Buchanan,Virginia,VA,7
51,51185,Tazewell,Virginia,VA,4
54,54055,Mercer,West Virginia,WV,3
51,51071,Giles,Virginia,VA,4
51,51161,Roanoke,Virginia,VA,8
51,51121,Montgomery,Virginia,VA,6
51,51045,Craig,Virginia,VA,3
51,51049,Cumberland,Virginia,VA,5
51,51680,Lynchburg,Virginia,VA,8
51,51009,Amherst,Virginia,VA,13
28,28079,Leake,Mississippi,MS,20
28,28095,Monroe,Mississippi,MS,12
28,28057,Itawamba,Mississippi,MS,9
1,1033,Colbert,Alabama,AL,16
47,47081,Hickman,Tennessee,TN,7
21,21047,Christian,Kentucky,KY,9
21,21177,Muhlenberg,Kentucky,KY,6
21,21183,Ohio,Kentucky,KY,4
18,18123,Perry,Indiana,IN,10
21,21091,Hancock,Kentucky,KY,4
18,18175,Washington,Indiana,IN,6
18,18071,Jackson,Indiana,IN,6
18,18117,Orange,Indiana,IN,6
18,18025,Crawford,Indiana,IN,6
18,18031,Decatur,Indiana,IN,5
18,18005,Bartholomew,Indiana,IN,7
18,18145,Shelby,Indiana,IN,6
18,18041,Fayette,Indiana,IN,3
18,18065,Henry,Indiana,IN,4
18,18177,Wayne,Indiana,IN,5
18,18139,Rush,Indiana,IN,7
18,18075,Jay,Indiana,IN,1
39,39107,Mercer,Ohio,OH,6
39,39037,Darke,Ohio,OH,6
18,18135,Randolph,Indiana,IN,2
39,39137,Putnam,Ohio,OH,4
39,39161,Van Wert,Ohio,OH,4
39,39003,Allen,Ohio,OH,3
39,39095,Lucas,Ohio,OH,8
39,39069,Henry,Ohio,OH,5
39,39173,Wood,Ohio,OH,3
26,26115,Monroe,Michigan,MI,3
26,26163,Wayne,Michigan,MI,7
26,26099,Macomb,Michigan,MI,7
26,26147,St. Clair,Michigan,MI,6
28,28109,Pearl River,Mississippi,MS,25
28,28015,Carroll,Mississippi,MS,16
48,48481,Wharton,Texas,TX,23
48,48105,Crockett,Texas,TX,6
28,28081,Lee,Mississippi,MS,9
47,47109,McNairy,Tennessee,TN,12
28,28117,Prentiss,Mississippi,MS,9
28,28003,Alcorn,Mississippi,MS,11
47,47023,Chester,Tennessee,TN,4
47,47077,Henderson,Tennessee,TN,4
25,25019,Nantucket,Massachusetts,MA,10
48,48255,Karnes,Texas,TX,26
48,48493,Wilson,Texas,TX,18
48,48171,Gillespie,Texas,TX,8
48,48319,Mason,Texas,TX,4
13,13269,Taylor,Georgia,GA,13
13,13225,Peach,Georgia,GA,9
1,1037,Coosa,Alabama,AL,17
28,28115,Pontotoc,Mississippi,MS,15
28,28033,DeSoto,Mississippi,MS,10
28,28071,Lafayette,Mississippi,MS,13
28,28145,Union,Mississippi,MS,11
28,28093,Marshall,Mississippi,MS,13
47,47157,Shelby,Tennessee,TN,17
5,5121,Randolph,Arkansas,AR,10
5,5135,Sharp,Arkansas,AR,5
29,29149,Oregon,Missouri,MO,12
5,5031,Craighead,Arkansas,AR,2
5,5075,Lawrence,Arkansas,AR,11
29,29091,Howell,Missouri,MO,9
29,29131,Miller,Missouri,MO,6
29,29215,Texas,Missouri,MO,9
29,29169,Pulaski,Missouri,MO,3
29,29135,Moniteau,Missouri,MO,3
29,29053,Cooper,Missouri,MO,3
29,29141,Morgan,Missouri,MO,4
29,29033,Carroll,Missouri,MO,1
29,29195,Saline,Missouri,MO,1
29,29117,Livingston,Missouri,MO,2
29,29081,Harrison,Missouri,MO,1
29,29079,Grundy,Missouri,MO,1
13,13197,Marion,Georgia,GA,13
13,13079,Crawford,Georgia,GA,16
13,13133,Greene,Georgia,GA,7
13,13317,Wilkes,Georgia,GA,14
45,45047,Greenwood,South Carolina,SC,15
48,48055,Caldwell,Texas,TX,6
48,48021,Bastrop,Texas,TX,14
48,48287,Lee,Texas,TX,9
48,48051,Burleson,Texas,TX,19
37,37127,Nash,North Carolina,NC,16
51,51630,Fredericksburg,Virginia,VA,2
42,42087,Mifflin,Pennsylvania,PA,4
51,51147,Prince Edward,Virginia,VA,8
51,51113,Madison,Virginia,VA,8
51,51157,Rappahannock,Virginia,VA,8
54,54037,Jefferson,West Virginia,WV,5
54,54003,Berkeley,West Virginia,WV,2
51,51043,Clarke,Virginia,VA,4
13,13181,Lincoln,Georgia,GA,11
37,37035,Catawba,North Carolina,NC,10
37,37169,Stokes,North Carolina,NC,14
37,37067,Forsyth,North Carolina,NC,17
48,48265,Kerr,Texas,TX,7
48,48327,Menard,Texas,TX,2
48,48451,Tom Green,Texas,TX,3
48,48095,Concho,Texas,TX,1
48,48081,Coke,Texas,TX,3
48,48431,Sterling,Texas,TX,2
48,48335,Mitchell,Texas,TX,3
48,48227,Howard,Texas,TX,1
48,48033,Borden,Texas,TX,3
48,48169,Garza,Texas,TX,3
48,48409,San Patricio,Texas,TX,19
48,48453,Travis,Texas,TX,6
48,48027,Bell,Texas,TX,14
48,48491,Williamson,Texas,TX,7
48,48035,Bosque,Texas,TX,25
48,48309,McLennan,Texas,TX,23
48,48099,Coryell,Texas,TX,6
48,48251,Johnson,Texas,TX,15
48,48439,Tarrant,Texas,TX,8
48,48217,Hill,Texas,TX,15
48,48097,Cooke,Texas,TX,8
48,48121,Denton,Texas,TX,5
40,40019,Carter,Oklahoma,OK,4
40,40099,Murray,Oklahoma,OK,3
40,40085,Love,Oklahoma,OK,6
40,40125,Pottawatomie,Oklahoma,OK,3
40,40133,Seminole,Oklahoma,OK,2
40,40123,Pontotoc,Oklahoma,OK,7
40,40049,Garvin,Oklahoma,OK,2
40,40143,Tulsa,Oklahoma,OK,2
40,40107,Okfuskee,Oklahoma,OK,2
40,40037,Creek,Oklahoma,OK,3
40,40111,Okmulgee,Oklahoma,OK,2
40,40131,Rogers,Oklahoma,OK,1
40,40035,Craig,Oklahoma,OK,2
40,40105,Nowata,Oklahoma,OK,4
20,20099,Labette,Kansas,KS,5
29,29013,Bates,Missouri,MO,1
20,20037,Crawford,Kansas,KS,6
20,20021,Cherokee,Kansas,KS,5
29,29083,Henry,Missouri,MO,2
20,20011,Bourbon,Kansas,KS,5
29,29217,Vernon,Missouri,MO,1
5,5019,Clark,Arkansas,AR,12
5,5099,Nevada,Arkansas,AR,12
5,5059,Hot Spring,Arkansas,AR,10
5,5101,Newton,Arkansas,AR,8
5,5105,Perry,Arkansas,AR,3
5,5115,Pope,Arkansas,AR,5
5,5149,Yell,Arkansas,AR,16
5,5051,Garland,Arkansas,AR,5
5,5071,Johnson,Arkansas,AR,7
29,29029,Camden,Missouri,MO,8
5,5009,Boone,Arkansas,AR,6
29,29085,Hickory,Missouri,MO,3
29,29077,Greene,Missouri,MO,2
29,29059,Dallas,Missouri,MO,5
29,29015,Benton,Missouri,MO,3
29,29043,Christian,Missouri,MO,6
29,29213,Taney,Missouri,MO,7
29,29019,Boone,Missouri,MO,2
29,29137,Monroe,Missouri,MO,3
29,29175,Randolph,Missouri,MO,1
29,29089,Howard,Missouri,MO,1
29,29205,Shelby,Missouri,MO,1
29,29045,Clark,Missouri,MO,2
19,19177,Van Buren,Iowa,IA,2
29,29103,Knox,Missouri,MO,1
19,19045,Clinton,Iowa,IA,3
19,19111,Lee,Iowa,IA,2
19,19087,Henry,Iowa,IA,2
19,19163,Scott,Iowa,IA,1
19,19115,Louisa,Iowa,IA,3
19,19139,Muscatine,Iowa,IA,2
19,19031,Cedar,Iowa,IA,3
17,17007,Boone,Illinois,IL,1
17,17015,Carroll,Illinois,IL,2
17,17177,Stephenson,Illinois,IL,2
55,55105,Rock,Wisconsin,WI,3
17,17141,Ogle,Illinois,IL,1
17,17201,Winnebago,Illinois,IL,2
55,55127,Walworth,Wisconsin,WI,3
55,55059,Kenosha,Wisconsin,WI,2
55,55101,Racine,Wisconsin,WI,3
26,26117,Montcalm,Michigan,MI,7
26,26121,Muskegon,Michigan,MI,2
26,26073,Isabella,Michigan,MI,3
26,26057,Gratiot,Michigan,MI,7
26,26111,Midland,Michigan,MI,6
26,26081,Kent,Michigan,MI,6
26,26139,Ottawa,Michigan,MI,3
26,26063,Huron,Michigan,MI,5
1,1113,Russell,Alabama,AL,19
13,13061,Clay,Georgia,GA,16
13,13273,Terrell,Georgia,GA,16
48,48477,Washington,Texas,TX,22
48,48331,Milam,Texas,TX,23
48,48395,Robertson,Texas,TX,24
48,48145,Falls,Texas,TX,22
48,48293,Limestone,Texas,TX,16
28,28151,Washington,Mississippi,MS,14
22,22035,East Carroll,Louisiana,LA,13
28,28011,Bolivar,Mississippi,MS,12
28,28143,Tunica,Mississippi,MS,5
28,28119,Quitman,Mississippi,MS,7
28,28137,Tate,Mississippi,MS,11
47,47069,Hardeman,Tennessee,TN,13
47,47047,Fayette,Tennessee,TN,9
47,47113,Madison,Tennessee,TN,8
47,47147,Robertson,Tennessee,TN,4
21,21099,Hart,Kentucky,KY,3
21,21155,Marion,Kentucky,KY,7
21,21217,Taylor,Kentucky,KY,5
21,21229,Washington,Kentucky,KY,5
21,21167,Mercer,Kentucky,KY,7
21,21123,Larue,Kentucky,KY,2
21,21069,Fleming,Kentucky,KY,7
21,21239,Woodford,Kentucky,KY,4
21,21043,Carter,Kentucky,KY,6
21,21049,Clark,Kentucky,KY,6
21,21135,Lewis,Kentucky,KY,5
21,21205,Rowan,Kentucky,KY,3
21,21011,Bath,Kentucky,KY,5
21,21067,Fayette,Kentucky,KY,4
21,21113,Jessamine,Kentucky,KY,4
21,21173,Montgomery,Kentucky,KY,5
54,54085,Ritchie,West Virginia,WV,9
21,21089,Greenup,Kentucky,KY,2
39,39105,Meigs,Ohio,OH,7
39,39053,Gallia,Ohio,OH,8
54,54035,Jackson,West Virginia,WV,9
54,54053,Mason,West Virginia,WV,10
54,54105,Wirt,West Virginia,WV,10
39,39087,Lawrence,Ohio,OH,7
39,39145,Scioto,Ohio,OH,10
54,54017,Doddridge,West Virginia,WV,5
54,54033,Harrison,West Virginia,WV,3
54,54049,Marion,West Virginia,WV,3
54,54061,Monongalia,West Virginia,WV,5
54,54077,Preston,West Virginia,WV,3
54,54091,Taylor,West Virginia,WV,2
42,42009,Bedford,Pennsylvania,PA,6
34,34027,Morris,New Jersey,NJ,5
9,9015,Windham,Connecticut,CT,16
12,12049,Hardee,Florida,FL,33
51,51595,Emporia,Virginia,VA,3
12,12081,Manatee,Florida,FL,29
13,13021,Bibb,Georgia,GA,13
13,13265,Taliaferro,Georgia,GA,9
28,28007,Attala,Mississippi,MS,17
22,22081,Red River,Louisiana,LA,9
22,22013,Bienville,Louisiana,LA,16
22,22027,Claiborne,Louisiana,LA,13
5,5139,Union,Arkansas,AR,9
5,5011,Bradley,Arkansas,AR,4
5,5013,Calhoun,Arkansas,AR,6
5,5043,Drew,Arkansas,AR,12
5,5001,Arkansas,Arkansas,AR,10
5,5041,Desha,Arkansas,AR,10
5,5079,Lincoln,Arkansas,AR,9
28,28107,Panola,Mississippi,MS,10
28,28139,Tippah,Mississippi,MS,8
28,28009,Benton,Mississippi,MS,10
28,28141,Tishomingo,Mississippi,MS,9
47,47031,Coffee,Tennessee,TN,6
47,47127,Moore,Tennessee,TN,6
47,47177,Warren,Tennessee,TN,10
47,47035,Cumberland,Tennessee,TN,2
47,47145,Roane,Tennessee,TN,6
47,47007,Bledsoe,Tennessee,TN,2
47,47175,Van Buren,Tennessee,TN,4
47,47001,Anderson,Tennessee,TN,4
47,47057,Grainger,Tennessee,TN,6
47,47063,Hamblen,Tennessee,TN,3
47,47073,Hawkins,Tennessee,TN,4
47,47163,Sullivan,Tennessee,TN,8
51,51169,Scott,Virginia,VA,5
1,1089,Madison,Alabama,AL,19
1,1103,Morgan,Alabama,AL,12
47,47051,Franklin,Tennessee,TN,9
47,47041,DeKalb,Tennessee,TN,8
47,47087,Jackson,Tennessee,TN,4
21,21171,Monroe,Kentucky,KY,2
47,47027,Clay,Tennessee,TN,2
47,47141,Putnam,Tennessee,TN,8
21,21057,Cumberland,Kentucky,KY,4
21,21005,Anderson,Kentucky,KY,3
21,21021,Boyle,Kentucky,KY,5
39,39061,Hamilton,Ohio,OH,5
21,21209,Scott,Kentucky,KY,5
21,21187,Owen,Kentucky,KY,7
21,21191,Pendleton,Kentucky,KY,4
21,21073,Franklin,Kentucky,KY,3
21,21081,Grant,Kentucky,KY,5
21,21117,Kenton,Kentucky,KY,5
21,21037,Campbell,Kentucky,KY,3
39,39025,Clermont,Ohio,OH,6
39,39091,Logan,Ohio,OH,3
39,39165,Warren,Ohio,OH,4
39,39057,Greene,Ohio,OH,4
39,39065,Hardin,Ohio,OH,5
39,39023,Clark,Ohio,OH,1
39,39113,Montgomery,Ohio,OH,2
39,39021,Champaign,Ohio,OH,1
39,39123,Ottawa,Ohio,OH,2
39,39147,Seneca,Ohio,OH,5
39,39143,Sandusky,Ohio,OH,4
39,39063,Hancock,Ohio,OH,6
26,26151,Sanilac,Michigan,MI,5
50,50005,Caledonia,Vermont,VT,5
50,50009,Essex,Vermont,VT,5
51,51141,Patrick,Virginia,VA,11
51,51125,Nelson,Virginia,VA,12
51,51079,Greene,Virginia,VA,7
36,36111,Ulster,New York,NY,5
28,28031,Covington,Mississippi,MS,17
28,28019,Choctaw,Mississippi,MS,10
28,28155,Webster,Mississippi,MS,5
47,47071,Hardin,Tennessee,TN,10
51,51165,Rockingham,Virginia,VA,15
51,51139,Page,Virginia,VA,7
54,54027,Hampshire,West Virginia,WV,5
54,54031,Hardy,West Virginia,WV,9
51,51171,Shenandoah,Virginia,VA,9
42,42013,Blair,Pennsylvania,PA,7
42,42021,Cambria,Pennsylvania,PA,8
36,36073,Orleans,New York,NY,5
36,36121,Wyoming,New York,NY,4
36,36037,Genesee,New York,NY,3
22,22115,Vernon,Louisiana,LA,27
22,22049,Jackson,Louisiana,LA,12
13,13249,Schley,Georgia,GA,4
37,37175,Transylvania,North Carolina,NC,8
45,45077,Pickens,South Carolina,SC,10
37,37087,Haywood,North Carolina,NC,4
47,47029,Cocke,Tennessee,TN,7
47,47059,Greene,Tennessee,TN,6
21,21189,Owsley,Kentucky,KY,4
51,51105,Lee,Virginia,VA,9
21,21095,Harlan,Kentucky,KY,2
47,47067,Hancock,Tennessee,TN,7
21,21065,Estill,Kentucky,KY,7
21,21181,Nicholas,Kentucky,KY,3
21,21197,Powell,Kentucky,KY,5
21,21201,Robertson,Kentucky,KY,3
21,21129,Lee,Kentucky,KY,3
39,39015,Brown,Ohio,OH,11
21,21023,Bracken,Kentucky,KY,4
39,39149,Shelby,Ohio,OH,3
39,39109,Miami,Ohio,OH,3
39,39011,Auglaize,Ohio,OH,5
26,26091,Lenawee,Michigan,MI,3
39,39051,Fulton,Ohio,OH,4
26,26161,Washtenaw,Michigan,MI,4
26,26125,Oakland,Michigan,MI,4
26,26093,Livingston,Michigan,MI,2
26,26049,Genesee,Michigan,MI,4
26,26157,Tuscola,Michigan,MI,5
26,26011,Arenac,Michigan,MI,2
26,26069,Iosco,Michigan,MI,3
26,26007,Alpena,Michigan,MI,5
26,26001,Alcona,Michigan,MI,5
51,51069,Frederick,Virginia,VA,3
42,42123,Warren,Pennsylvania,PA,7
48,48041,Brazos,Texas,TX,19
48,48185,Grimes,Texas,TX,20
13,13143,Haralson,Georgia,GA,12
13,13233,Polk,Georgia,GA,6
13,13115,Floyd,Georgia,GA,10
13,13295,Walker,Georgia,GA,8
13,13047,Catoosa,Georgia,GA,4
13,13055,Chattooga,Georgia,GA,8
47,47153,Sequatchie,Tennessee,TN,7
47,47185,White,Tennessee,TN,3
22,22061,Lincoln,Louisiana,LA,8
22,22111,Union,Louisiana,LA,4
5,5025,Cleveland,Arkansas,AR,5
5,5125,Saline,Arkansas,AR,12
5,5145,White,Arkansas,AR,9
5,5023,Cleburne,Arkansas,AR,6
5,5049,Fulton,Arkansas,AR,6
5,5065,Izard,Arkansas,AR,3
5,5137,Stone,Arkansas,AR,3
29,29203,Shannon,Missouri,MO,6
29,29065,Dent,Missouri,MO,10
29,29055,Crawford,Missouri,MO,6
29,29071,Franklin,Missouri,MO,6
29,29139,Montgomery,Missouri,MO,5
29,29219,Warren,Missouri,MO,4
29,29163,Pike,Missouri,MO,4
17,17149,Pike,Illinois,IL,3
29,29173,Ralls,Missouri,MO,1
17,17001,Adams,Illinois,IL,2
29,29127,Marion,Missouri,MO,2
17,17067,Hancock,Illinois,IL,2
17,17187,Warren,Illinois,IL,1
17,17071,Henderson,Illinois,IL,1
17,17109,McDonough,Illinois,IL,1
17,17095,Knox,Illinois,IL,2
17,17175,Stark,Illinois,IL,2
17,17011,Bureau,Illinois,IL,2
17,17099,LaSalle,Illinois,IL,4
17,17155,Putnam,Illinois,IL,1
17,17197,Will,Illinois,IL,4
17,17031,Cook,Illinois,IL,3
17,17043,DuPage,Illinois,IL,2
17,17093,Kendall,Illinois,IL,2
26,26067,Ionia,Michigan,MI,8
26,26005,Allegan,Michigan,MI,4
13,13045,Carroll,Georgia,GA,13
1,1019,Cherokee,Alabama,AL,10
47,47119,Maury,Tennessee,TN,7
47,47021,Cheatham,Tennessee,TN,6
47,47043,Dickson,Tennessee,TN,4
47,47187,Williamson,Tennessee,TN,9
21,21233,Webster,Kentucky,KY,9
21,21107,Hopkins,Kentucky,KY,7
21,21101,Henderson,Kentucky,KY,10
18,18163,Vanderburgh,Indiana,IN,6
18,18027,Daviess,Indiana,IN,7
18,18083,Knox,Indiana,IN,13
18,18125,Pike,Indiana,IN,5
18,18055,Greene,Indiana,IN,9
18,18119,Owen,Indiana,IN,3
18,18109,Morgan,Indiana,IN,3
18,18097,Marion,Indiana,IN,1
18,18133,Putnam,Indiana,IN,3
18,18057,Hamilton,Indiana,IN,5
18,18063,Hendricks,Indiana,IN,4
39,39125,Paulding,Ohio,OH,6
18,18159,Tipton,Indiana,IN,4
18,18179,Wells,Indiana,IN,5
18,18053,Grant,Indiana,IN,4
18,18003,Allen,Indiana,IN,2
18,18095,Madison,Indiana,IN,1
18,18069,Huntington,Indiana,IN,2
18,18001,Adams,Indiana,IN,3
39,39039,Defiance,Ohio,OH,3
39,39171,Williams,Ohio,OH,4
42,42029,Chester,Pennsylvania,PA,11
42,42091,Montgomery,Pennsylvania,PA,6
42,42103,Pike,Pennsylvania,PA,4
42,42089,Monroe,Pennsylvania,PA,4
48,48367,Parker,Texas,TX,14
48,48221,Hood,Texas,TX,7
48,48425,Somervell,Texas,TX,3
48,48497,Wise,Texas,TX,11
40,40067,Jefferson,Oklahoma,OK,3
48,48337,Montague,Texas,TX,3
40,40137,Stephens,Oklahoma,OK,4
40,40051,Grady,Oklahoma,OK,6
40,40017,Canadian,Oklahoma,OK,7
40,40109,Oklahoma,Oklahoma,OK,6
40,40083,Logan,Oklahoma,OK,3
40,40053,Grant,Oklahoma,OK,2
40,40047,Garfield,Oklahoma,OK,1
40,40071,Kay,Oklahoma,OK,1
20,20191,Sumner,Kansas,KS,2
20,20015,Butler,Kansas,KS,1
20,20173,Sedgwick,Kansas,KS,1
20,20115,Marion,Kansas,KS,2
20,20017,Chase,Kansas,KS,1
20,20127,Morris,Kansas,KS,2
20,20149,Pottawatomie,Kansas,KS,1
20,20085,Jackson,Kansas,KS,2
20,20197,Wabaunsee,Kansas,KS,1
29,29087,Holt,Missouri,MO,3
20,20013,Brown,Kansas,KS,1
20,20131,Nemaha,Kansas,KS,1
31,31147,Richardson,Nebraska,NE,1
29,29227,Worth,Missouri,MO,1
19,19159,Ringgold,Iowa,IA,1
19,19053,Decatur,Iowa,IA,2
29,29147,Nodaway,Missouri,MO,1
19,19117,Lucas,Iowa,IA,1
19,19125,Marion,Iowa,IA,1
19,19123,Mahaska,Iowa,IA,1
19,19107,Keokuk,Iowa,IA,2
19,19039,Clarke,Iowa,IA,1
19,19103,Johnson,Iowa,IA,1
19,19097,Jackson,Iowa,IA,2
19,19095,Iowa,Iowa,IA,1
19,19105,Jones,Iowa,IA,2
19,19157,Poweshiek,Iowa,IA,1
17,17085,Jo Daviess,Illinois,IL,1
1,1047,Dallas,Alabama,AL,21
1,1027,Clay,Alabama,AL,10
13,13097,Douglas,Georgia,GA,8
13,13121,Fulton,Georgia,GA,7
13,13135,Gwinnett,Georgia,GA,6
13,13089,DeKalb,Georgia,GA,3
21,21221,Trigg,Kentucky,KY,7
21,21143,Lyon,Kentucky,KY,9
17,17151,Pope,Illinois,IL,10
17,17165,Saline,Illinois,IL,11
17,17199,Williamson,Illinois,IL,10
17,17027,Clinton,Illinois,IL,5
17,17189,Washington,Illinois,IL,6
17,17145,Perry,Illinois,IL,7
17,17055,Franklin,Illinois,IL,8
28,28013,Calhoun,Mississippi,MS,11
28,28161,Yalobusha,Mississippi,MS,14
47,47167,Tipton,Tennessee,TN,13
29,29069,Dunklin,Missouri,MO,3
29,29155,Pemiscot,Missouri,MO,9
29,29143,New Madrid,Missouri,MO,10
29,29207,Stoddard,Missouri,MO,13
29,29201,Scott,Missouri,MO,5
17,17003,Alexander,Illinois,IL,5
29,29133,Mississippi,Missouri,MO,12
17,17153,Pulaski,Illinois,IL,7
17,17181,Union,Illinois,IL,6
17,17087,Johnson,Illinois,IL,11
17,17065,Hamilton,Illinois,IL,9
17,17047,Edwards,Illinois,IL,5
18,18105,Monroe,Indiana,IN,6
18,18081,Johnson,Indiana,IN,4
18,18013,Brown,Indiana,IN,6
45,45073,Oconee,South Carolina,SC,11
13,13119,Franklin,Georgia,GA,4
37,37199,Yancey,North Carolina,NC,4
47,47019,Carter,Tennessee,TN,6
37,37089,Henderson,North Carolina,NC,7
37,37021,Buncombe,North Carolina,NC,9
37,37121,Mitchell,North Carolina,NC,3
54,54081,Raleigh,West Virginia,WV,5
54,54109,Wyoming,West Virginia,WV,7
51,51191,Washington,Virginia,VA,7
51,51173,Smyth,Virginia,VA,5
51,51167,Russell,Virginia,VA,6
54,54021,Gilmer,West Virginia,WV,6
54,54067,Nicholas,West Virginia,WV,5
54,54019,Fayette,West Virginia,WV,5
54,54007,Braxton,West Virginia,WV,5
54,54015,Clay,West Virginia,WV,4
42,42059,Greene,Pennsylvania,PA,9
54,54103,Wetzel,West Virginia,WV,8
42,42125,Washington,Pennsylvania,PA,9
42,42005,Armstrong,Pennsylvania,PA,4
42,42003,Allegheny,Pennsylvania,PA,6
42,42031,Clarion,Pennsylvania,PA,2
42,42121,Venango,Pennsylvania,PA,1
42,42019,Butler,Pennsylvania,PA,6
42,42053,Forest,Pennsylvania,PA,5
36,36055,Monroe,New York,NY,6
48,48139,Ellis,Texas,TX,9
48,48113,Dallas,Texas,TX,3
48,48085,Collin,Texas,TX,2
48,48147,Fannin,Texas,TX,11
40,40013,Bryan,Oklahoma,OK,6
40,40023,Choctaw,Oklahoma,OK,10
40,40005,Atoka,Oklahoma,OK,4
40,40121,Pittsburg,Oklahoma,OK,10
40,40127,Pushmataha,Oklahoma,OK,12
40,40077,Latimer,Oklahoma,OK,10
40,40135,Sequoyah,Oklahoma,OK,6
40,40001,Adair,Oklahoma,OK,3
40,40061,Haskell,Oklahoma,OK,9
5,5143,Washington,Arkansas,AR,10
5,5015,Carroll,Arkansas,AR,9
5,5007,Benton,Arkansas,AR,7
29,29009,Barry,Missouri,MO,1
29,29209,Stone,Missouri,MO,6
29,29105,Laclede,Missouri,MO,3
29,29225,Webster,Missouri,MO,5
29,29229,Wright,Missouri,MO,6
29,29189,St. Louis,Missouri,MO,7
29,29161,Phelps,Missouri,MO,3
17,17135,Montgomery,Illinois,IL,4
17,17173,Shelby,Illinois,IL,4
29,29510,St. Louis,Missouri,MO,3
17,17051,Fayette,Illinois,IL,5
17,17139,Moultrie,Illinois,IL,4
17,17119,Madison,Illinois,IL,7
17,17183,Vermilion,Illinois,IL,6
17,17029,Coles,Illinois,IL,7
17,17041,Douglas,Illinois,IL,6
18,18165,Vermillion,Indiana,IN,3
18,18045,Fountain,Indiana,IN,4
17,17045,Edgar,Illinois,IL,4
18,18067,Howard,Indiana,IN,4
39,39043,Erie,Ohio,OH,3
39,39093,Lorain,Ohio,OH,2
39,39035,Cuyahoga,Ohio,OH,2
39,39055,Geauga,Ohio,OH,2
39,39007,Ashtabula,Ohio,OH,6
39,39085,Lake,Ohio,OH,1
42,42039,Crawford,Pennsylvania,PA,8
13,13139,Hall,Georgia,GA,9
13,13117,Forsyth,Georgia,GA,5
13,13067,Cobb,Georgia,GA,6
13,13137,Habersham,Georgia,GA,6
13,13257,Stephens,Georgia,GA,5
13,13011,Banks,Georgia,GA,6
37,37111,McDowell,North Carolina,NC,5
37,37023,Burke,North Carolina,NC,9
37,37149,Polk,North Carolina,NC,4
37,37161,Rutherford,North Carolina,NC,7
37,37027,Caldwell,North Carolina,NC,7
37,37193,Wilkes,North Carolina,NC,4
37,37197,Yadkin,North Carolina,NC,5
37,37171,Surry,North Carolina,NC,11
37,37003,Alexander,North Carolina,NC,7
13,13063,Clayton,Georgia,GA,4
42,42017,Bucks,Pennsylvania,PA,9
34,34019,Hunterdon,New Jersey,NJ,6
36,36097,Schuyler,New York,NY,2
36,36069,Ontario,New York,NY,5
36,36117,Wayne,New York,NY,2
5,5017,Chicot,Arkansas,AR,15
47,47155,Sevier,Tennessee,TN,8
47,47089,Jefferson,Tennessee,TN,4
47,47179,Washington,Tennessee,TN,5
47,47091,Johnson,Tennessee,TN,6
51,51197,Wythe,Virginia,VA,7
51,51155,Pulaski,Virginia,VA,3
51,51770,Roanoke,Virginia,VA,2
51,51775,Salem,Virginia,VA,1
51,51540,Charlottesville,Virginia,VA,2
17,17127,Massac,Illinois,IL,6
17,17005,Bond,Illinois,IL,7
17,17081,Jefferson,Illinois,IL,11
17,17107,Logan,Illinois,IL,4
17,17021,Christian,Illinois,IL,3
17,17167,Sangamon,Illinois,IL,4
17,17179,Tazewell,Illinois,IL,3
17,17143,Peoria,Illinois,IL,2
17,17195,Whiteside,Illinois,IL,1
37,37039,Cherokee,North Carolina,NC,6
37,37099,Jackson,North Carolina,NC,7
37,37075,Graham,North Carolina,NC,10
37,37113,Macon,North Carolina,NC,5
28,28097,Montgomery,Mississippi,MS,5
28,28043,Grenada,Mississippi,MS,14
5,5055,Greene,Arkansas,AR,2
29,29023,Butler,Missouri,MO,9
5,5021,Clay,Arkansas,AR,5
29,29223,Wayne,Missouri,MO,6
29,29123,Madison,Missouri,MO,1
29,29187,St. Francois,Missouri,MO,8
29,29186,Ste. Genevieve,Missouri,MO,4
17,17157,Randolph,Illinois,IL,3
21,21225,Union,Kentucky,KY,10
51,51690,Martinsville,Virginia,VA,3
5,5003,Ashley,Arkansas,AR,10
22,22067,Morehouse,Louisiana,LA,8
22,22123,West Carroll,Louisiana,LA,7
5,5095,Monroe,Arkansas,AR,4
5,5063,Independence,Arkansas,AR,10
5,5067,Jackson,Arkansas,AR,4
29,29181,Ripley,Missouri,MO,10
5,5073,Lafayette,Arkansas,AR,12
5,5109,Pike,Arkansas,AR,11
5,5097,Montgomery,Arkansas,AR,11
13,13311,White,Georgia,GA,3
13,13241,Rabun,Georgia,GA,3
1,1105,Perry,Alabama,AL,17
48,48127,Dimmit,Texas,TX,14
48,48161,Freestone,Texas,TX,8
48,48213,Henderson,Texas,TX,6
48,48423,Smith,Texas,TX,11
48,48467,Van Zandt,Texas,TX,2
48,48499,Wood,Texas,TX,8
48,48449,Titus,Texas,TX,4
48,48159,Franklin,Texas,TX,1
48,48037,Bowie,Texas,TX,9
48,48387,Red River,Texas,TX,6
5,5133,Sevier,Arkansas,AR,8
40,40089,McCurtain,Oklahoma,OK,10
5,5081,Little River,Arkansas,AR,13
5,5061,Howard,Arkansas,AR,8
5,5045,Faulkner,Arkansas,AR,10
29,29031,Cape Girardeau,Missouri,MO,6
29,29017,Bollinger,Missouri,MO,8
17,17077,Jackson,Illinois,IL,5
18,18059,Hancock,Indiana,IN,1
13,13223,Paulding,Georgia,GA,7
13,13015,Bartow,Georgia,GA,8
13,13129,Gordon,Georgia,GA,10
13,13213,Murray,Georgia,GA,6
47,47139,Polk,Tennessee,TN,6
47,47011,Bradley,Tennessee,TN,10
47,47129,Morgan,Tennessee,TN,6
21,21231,Wayne,Kentucky,KY,4
47,47151,Scott,Tennessee,TN,3
21,21147,McCreary,Kentucky,KY,3
21,21079,Garrard,Kentucky,KY,8
21,21137,Lincoln,Kentucky,KY,7
39,39135,Preble,Ohio,OH,3
39,39017,Butler,Ohio,OH,1
26,26059,Hillsdale,Michigan,MI,4
26,26107,Mecosta,Michigan,MI,2
47,47049,Fentress,Tennessee,TN,4
47,47133,Overton,Tennessee,TN,6
21,21235,Whitley,Kentucky,KY,3
47,47137,Pickett,Tennessee,TN,5
21,21025,Breathitt,Kentucky,KY,3
21,21153,Magoffin,Kentucky,KY,4
54,54099,Wayne,West Virginia,WV,5
21,21127,Lawrence,Kentucky,KY,4
21,21115,Johnson,Kentucky,KY,1
54,54087,Roane,West Virginia,WV,6
54,54011,Cabell,West Virginia,WV,2
54,54079,Putnam,West Virginia,WV,5
54,54095,Tyler,West Virginia,WV,8
51,51650,Hampton,Virginia,VA,5
51,51735,Poquoson,Virginia,VA,6
37,37173,Swain,North Carolina,NC,9
47,47039,Decatur,Tennessee,TN,3
17,17121,Marion,Illinois,IL,8
48,48347,Nacogdoches,Texas,TX,16
48,48401,Rusk,Texas,TX,14
48,48459,Upshur,Texas,TX,6
48,48183,Gregg,Texas,TX,7
48,48063,Camp,Texas,TX,3
40,40101,Muskogee,Oklahoma,OK,7
48,48043,Brewster,Texas,TX,10
48,48377,Presidio,Texas,TX,6
48,48229,Hudspeth,Texas,TX,7
48,48141,El Paso,Texas,TX,5
5,5127,Scott,Arkansas,AR,7
5,5083,Logan,Arkansas,AR,9
5,5047,Franklin,Arkansas,AR,7
5,5033,Crawford,Arkansas,AR,9
29,29119,McDonald,Missouri,MO,3
29,29097,Jasper,Missouri,MO,7
29,29145,Newton,Missouri,MO,6
29,29011,Barton,Missouri,MO,1
20,20107,Linn,Kansas,KS,4
51,51035,Carroll,Virginia,VA,5
48,48349,Navarro,Texas,TX,8
48,48257,Kaufman,Texas,TX,7
48,48231,Hunt,Texas,TX,7
40,40021,Cherokee,Oklahoma,OK,5
40,40041,Delaware,Oklahoma,OK,5
40,40097,Mayes,Oklahoma,OK,2
40,40115,Ottawa,Oklahoma,OK,4
20,20121,Miami,Kansas,KS,2
20,20091,Johnson,Kansas,KS,2
20,20103,Leavenworth,Kansas,KS,3
20,20043,Doniphan,Kansas,KS,2
29,29021,Buchanan,Missouri,MO,1
29,29165,Platte,Missouri,MO,1
20,20005,Atchison,Kansas,KS,1
29,29125,Maries,Missouri,MO,4
29,29027,Callaway,Missouri,MO,4
29,29151,Osage,Missouri,MO,7
47,47075,Haywood,Tennessee,TN,6
21,21075,Fulton,Kentucky,KY,7
47,47131,Obion,Tennessee,TN,14
21,21007,Ballard,Kentucky,KY,4
21,21145,McCracken,Kentucky,KY,3
21,21039,Carlisle,Kentucky,KY,5
21,21105,Hickman,Kentucky,KY,7
17,17191,Wayne,Illinois,IL,5
17,17159,Richland,Illinois,IL,3
17,17023,Clark,Illinois,IL,1
18,18099,Marshall,Indiana,IN,5
26,26077,Kalamazoo,Michigan,MI,2
36,36061,New York,New York,NY,3
21,21083,Graves,Kentucky,KY,9
18,18173,Warrick,Indiana,IN,5
18,18101,Martin,Indiana,IN,5
18,18037,Dubois,Indiana,IN,7
18,18093,Lawrence,Indiana,IN,7
39,39175,Wyandot,Ohio,OH,2
51,51063,Floyd,Virginia,VA,7
51,51005,Alleghany,Virginia,VA,2
13,13123,Gilmer,Georgia,GA,5
13,13227,Pickens,Georgia,GA,4
13,13111,Fannin,Georgia,GA,3
54,54045,Logan,West Virginia,WV,8
54,54059,Mingo,West Virginia,WV,5
54,54005,Boone,West Virginia,WV,5
54,54039,Kanawha,West Virginia,WV,11
54,54043,Lincoln,West Virginia,WV,6
54,54013,Calhoun,West Virginia,WV,6
54,54041,Lewis,West Virginia,WV,4
36,36013,Chautauqua,New York,NY,4
48,48019,Bandera,Texas,TX,5
48,48243,Jeff Davis,Texas,TX,3
35,35013,Dona Ana,New Mexico,NM,6
35,35029,Luna,New Mexico,NM,4
4,4009,Graham,Arizona,AZ,8
35,35017,Grant,New Mexico,NM,2
4,4011,Greenlee,Arizona,AZ,4
35,35023,Hidalgo,New Mexico,NM,2
36,36057,Montgomery,New York,NY,3
36,36091,Saratoga,New York,NY,4
36,36113,Warren,New York,NY,6
36,36035,Fulton,New York,NY,2
36,36031,Essex,New York,NY,6
50,50001,Addison,Vermont,VT,6
50,50007,Chittenden,Vermont,VT,3
50,50011,Franklin,Vermont,VT,6
50,50015,Lamoille,Vermont,VT,3
50,50019,Orleans,Vermont,VT,3
5,5091,Miller,Arkansas,AR,8
40,40091,McIntosh,Oklahoma,OK,3
48,48149,Fayette,Texas,TX,9
48,48133,Eastland,Texas,TX,3
48,48429,Stephens,Texas,TX,2
48,48417,Shackelford,Texas,TX,4
48,48275,Knox,Texas,TX,3
48,48447,Throckmorton,Texas,TX,3
48,48023,Baylor,Texas,TX,3
48,48155,Foard,Texas,TX,2
48,48101,Cottle,Texas,TX,1
48,48075,Childress,Texas,TX,2
29,29157,Perry,Missouri,MO,3
17,17075,Iroquois,Illinois,IL,6
17,17019,Champaign,Illinois,IL,4
18,18007,Benton,Indiana,IN,3
18,18073,Jasper,Indiana,IN,3
18,18131,Pulaski,Indiana,IN,4
18,18149,Starke,Indiana,IN,2
18,18141,St. Joseph,Indiana,IN,2
26,26075,Jackson,Michigan,MI,1
26,26087,Lapeer,Michigan,MI,2
21,21059,Daviess,Kentucky,KY,6
21,21149,McLean,Kentucky,KY,4
18,18061,Harrison,Indiana,IN,5
18,18019,Clark,Indiana,IN,6
18,18143,Scott,Indiana,IN,4
21,21041,Carroll,Kentucky,KY,5
18,18077,Jefferson,Indiana,IN,7
21,21223,Trimble,Kentucky,KY,5
21,21077,Gallatin,Kentucky,KY,4
18,18155,Switzerland,Indiana,IN,3
21,21015,Boone,Kentucky,KY,5
39,39001,Adams,Ohio,OH,10
51,51195,Wise,Virginia,VA,9
36,36043,Herkimer,New York,NY,4
36,36041,Hamilton,New York,NY,4
36,36033,Franklin,New York,NY,3
36,36019,Clinton,New York,NY,4
50,50013,Grand Isle,Vermont,VT,1
47,47149,Rutherford,Tennessee,TN,6
47,47189,Wilson,Tennessee,TN,6
47,47159,Smith,Tennessee,TN,1
21,21121,Knox,Kentucky,KY,2
21,21071,Floyd,Kentucky,KY,3
54,54101,Webster,West Virginia,WV,4
54,54075,Pocahontas,West Virginia,WV,8
51,51187,Warren,Virginia,VA,3
42,42045,Delaware,Pennsylvania,PA,3
42,42101,Philadelphia,Pennsylvania,PA,2
5,5029,Conway,Arkansas,AR,3
5,5141,Van Buren,Arkansas,AR,7
22,22073,Ouachita,Louisiana,LA,10
50,50021,Rutland,Vermont,VT,5
47,47183,Weakley,Tennessee,TN,6
1,1009,Blount,Alabama,AL,12
47,47165,Sumner,Tennessee,TN,6
21,21003,Allen,Kentucky,KY,2
21,21151,Madison,Kentucky,KY,8
21,21063,Elliott,Kentucky,KY,4
21,21019,Boyd,Kentucky,KY,3
47,47143,Rhea,Tennessee,TN,5
47,47173,Union,Tennessee,TN,3
47,47013,Campbell,Tennessee,TN,3
47,47025,Claiborne,Tennessee,TN,4
18,18171,Warren,Indiana,IN,2
17,17025,Clay,Illinois,IL,6
17,17049,Effingham,Illinois,IL,4
17,17035,Cumberland,Illinois,IL,4
18,18091,LaPorte,Indiana,IN,1
18,18111,Newton,Indiana,IN,3
26,26159,Van Buren,Michigan,MI,3
26,26027,Cass,Michigan,MI,2
26,26021,Berrien,Michigan,MI,1
26,26015,Barry,Michigan,MI,3
48,48379,Rains,Texas,TX,2
48,48119,Delta,Texas,TX,4
48,48277,Lamar,Texas,TX,9
48,48223,Hopkins,Texas,TX,5
40,40079,Le Flore,Oklahoma,OK,6
5,5131,Sebastian,Arkansas,AR,3
5,5087,Madison,Arkansas,AR,8
5,5005,Baxter,Arkansas,AR,6
5,5089,Marion,Arkansas,AR,4
21,21033,Caldwell,Kentucky,KY,9
48,48383,Reagan,Texas,TX,6
48,48461,Upton,Texas,TX,2
48,48103,Crane,Texas,TX,1
48,48135,Ector,Texas,TX,2
48,48495,Winkler,Texas,TX,2
35,35025,Lea,New Mexico,NM,2
35,35015,Eddy,New Mexico,NM,6
35,35005,Chaves,New Mexico,NM,1
51,51830,Williamsburg,Virginia,VA,3
48,48363,Palo Pinto,Texas,TX,4
48,48237,Jack,Texas,TX,6
29,29067,Douglas,Missouri,MO,6
17,17079,Jasper,Illinois,IL,3
36,36115,Washington,New York,NY,3
36,36093,Schenectady,New York,NY,2
5,5057,Hempstead,Arkansas,AR,7
29,29035,Carter,Missouri,MO,4
29,29093,Iron,Missouri,MO,4
29,29179,Reynolds,Missouri,MO,4
17,17133,Monroe,Illinois,IL,4
29,29221,Washington,Missouri,MO,5
29,29099,Jefferson,Missouri,MO,4
29,29183,St. Charles,Missouri,MO,3
17,17117,Macoupin,Illinois,IL,3
17,17203,Woodford,Illinois,IL,3
17,17113,McLean,Illinois,IL,3
17,17089,Kane,Illinois,IL,4
17,17123,Marshall,Illinois,IL,2
17,17037,DeKalb,Illinois,IL,1
17,17111,McHenry,Illinois,IL,1
55,55133,Waukesha,Wisconsin,WI,1
55,55079,Milwaukee,Wisconsin,WI,2
55,55089,Ozaukee,Wisconsin,WI,1
37,37009,Ashe,North Carolina,NC,5
51,51683,Manassas,Virginia,VA,1
36,36051,Livingston,New York,NY,6
42,42049,Erie,Pennsylvania,PA,6
36,36085,Richmond,New York,NY,2
47,47037,Davidson,Tennessee,TN,4
47,47169,Trousdale,Tennessee,TN,1
47,47111,Macon,Tennessee,TN,2
54,54107,Wood,West Virginia,WV,3
21,21165,Menifee,Kentucky,KY,2
21,21175,Morgan,Kentucky,KY,3
35,35051,Sierra,New Mexico,NM,4
35,35035,Otero,New Mexico,NM,3
4,4023,Santa Cruz,Arizona,AZ,5
4,4019,Pima,Arizona,AZ,7
4,4021,Pinal,Arizona,AZ,3
4,4007,Gila,Arizona,AZ,3
4,4001,Apache,Arizona,AZ,2
4,4017,Navajo,Arizona,AZ,1
35,35003,Catron,New Mexico,NM,6
35,35053,Socorro,New Mexico,NM,3
40,40069,Johnston,Oklahoma,OK,5
40,40029,Coal,Oklahoma,OK,2
40,40087,McClain,Oklahoma,OK,3
40,40027,Cleveland,Oklahoma,OK,2
40,40073,Kingfisher,Oklahoma,OK,4
40,40011,Blaine,Oklahoma,OK,3
40,40093,Major,Oklahoma,OK,1
40,40043,Dewey,Oklahoma,OK,3
37,37189,Watauga,North Carolina,NC,3
13,13057,Cherokee,Georgia,GA,7
48,48397,Rockwall,Texas,TX,4
17,17163,St. Clair,Illinois,IL,4
21,21213,Simpson,Kentucky,KY,2
40,40063,Hughes,Oklahoma,OK,6
29,29153,Ozark,Missouri,MO,3
17,17115,Macon,Illinois,IL,2
17,17147,Piatt,Illinois,IL,2
17,17091,Kankakee,Illinois,IL,4
17,17053,Ford,Illinois,IL,4
18,18089,Lake,Indiana,IN,3
18,18127,Porter,Indiana,IN,2
26,26035,Clare,Michigan,MI,2
26,26135,Oscoda,Michigan,MI,4
26,26051,Gladwin,Michigan,MI,2
26,26143,Roscommon,Michigan,MI,3
26,26129,Ogemaw,Michigan,MI,2
6,6073,San Diego,California,CA,3
21,21027,Breckinridge,Kentucky,KY,5
18,18043,Floyd,Indiana,IN,2
21,21163,Meade,Kentucky,KY,9
21,21103,Henry,Kentucky,KY,1
21,21185,Oldham,Kentucky,KY,4
39,39131,Pike,Ohio,OH,7
4,4027,Yuma,Arizona,AZ,3
4,4013,Maricopa,Arizona,AZ,2
40,40095,Marshall,Oklahoma,OK,3
40,40145,Wagoner,Oklahoma,OK,2
29,29057,Dade,Missouri,MO,5
29,29167,Polk,Missouri,MO,5
29,29039,Cedar,Missouri,MO,4
29,29051,Cole,Missouri,MO,3
29,29007,Audrain,Missouri,MO,4
17,17017,Cass,Illinois,IL,3
17,17137,Morgan,Illinois,IL,2
17,17171,Scott,Illinois,IL,2
17,17129,Menard,Illinois,IL,2
17,17125,Mason,Illinois,IL,3
17,17105,Livingston,Illinois,IL,2
18,18183,Whitley,Indiana,IN,3
18,18113,Noble,Indiana,IN,5
18,18033,DeKalb,Indiana,IN,2
4,4003,Cochise,Arizona,AZ,9
21,21093,Hardin,Kentucky,KY,3
21,21085,Grayson,Kentucky,KY,2
21,21179,Nelson,Kentucky,KY,1
54,54063,Monroe,West Virginia,WV,1
47,47015,Cannon,Tennessee,TN,3
21,21031,Butler,Kentucky,KY,4
51,51670,Hopewell,Virginia,VA,2
6,6065,Riverside,California,CA,7
6,6071,San Bernardino,California,CA,4
51,51720,Norton,Virginia,VA,1
6,6025,Imperial,California,CA,3
6,6027,Inyo,California,CA,1
32,32023,Nye,Nevada,NV,2
13,13085,Dawson,Georgia,GA,3
13,13187,Lumpkin,Georgia,GA,5
6,6037,Los Angeles,California,CA,5
18,18147,Spencer,Indiana,IN,4
39,39079,Jackson,Ohio,OH,5
54,54097,Upshur,West Virginia,WV,2
29,29109,Lawrence,Missouri,MO,1
29,29073,Gasconade,Missouri,MO,2
18,18137,Ripley,Indiana,IN,2
18,18079,Jennings,Indiana,IN,5
18,18115,Ohio,Indiana,IN,1
18,18029,Dearborn,Indiana,IN,1
54,54065,Morgan,West Virginia,WV,1
21,21053,Clinton,Kentucky,KY,3
21,21237,Wolfe,Kentucky,KY,1
21,21109,Jackson,Kentucky,KY,1
54,54073,Pleasants,West Virginia,WV,1
54,54051,Marshall,West Virginia,WV,2
48,48077,Clay,Texas,TX,5
40,40033,Cotton,Oklahoma,OK,5
40,40075,Kiowa,Oklahoma,OK,2
40,40031,Comanche,Oklahoma,OK,3
40,40149,Washita,Oklahoma,OK,3
40,40039,Custer,Oklahoma,OK,3
40,40153,Woodward,Oklahoma,OK,2
20,20033,Comanche,Kansas,KS,2
40,40151,Woods,Oklahoma,OK,1
40,40059,Harper,Oklahoma,OK,1
20,20097,Kiowa,Kansas,KS,2
20,20145,Pawnee,Kansas,KS,2
20,20047,Edwards,Kansas,KS,1
20,20051,Ellis,Kansas,KS,1
20,20167,Russell,Kansas,KS,2
20,20165,Rush,Kansas,KS,1
20,20141,Osborne,Kansas,KS,2
20,20089,Jewell,Kansas,KS,2
20,20123,Mitchell,Kansas,KS,1
31,31169,Thayer,Nebraska,NE,1
31,31129,Nuckolls,Nebraska,NE,1
31,31059,Fillmore,Nebraska,NE,2
31,31023,Butler,Nebraska,NE,1
31,31159,Seward,Nebraska,NE,1
31,31185,York,Nebraska,NE,1
37,37115,Madison,North Carolina,NC,5
5,5113,Polk,Arkansas,AR,6
48,48343,Morris,Texas,TX,1
48,48353,Nolan,Texas,TX,2
48,48151,Fisher,Texas,TX,1
48,48253,Jones,Texas,TX,1
48,48207,Haskell,Texas,TX,2
40,40141,Tillman,Oklahoma,OK,2
48,48487,Wilbarger,Texas,TX,1
40,40015,Caddo,Oklahoma,OK,1
40,40113,Osage,Oklahoma,OK,3
40,40117,Pawnee,Oklahoma,OK,2
40,40119,Payne,Oklahoma,OK,2
40,40147,Washington,Oklahoma,OK,3
29,29113,Lincoln,Missouri,MO,1
17,17013,Calhoun,Illinois,IL,1
17,17063,Grundy,Illinois,IL,1
17,17097,Lake,Illinois,IL,1
37,37011,Avery,North Carolina,NC,2
39,39167,Washington,Ohio,OH,1
39,39157,Tuscarawas,Ohio,OH,2
39,39121,Noble,Ohio,OH,1
39,39059,Guernsey,Ohio,OH,2
39,39099,Mahoning,Ohio,OH,1
39,39019,Carroll,Ohio,OH,1
39,39151,Stark,Ohio,OH,2
39,39155,Trumbull,Ohio,OH,3
39,39029,Columbiana,Ohio,OH,1
35,35061,Valencia,New Mexico,NM,1
35,35001,Bernalillo,New Mexico,NM,1
35,35006,Cibola,New Mexico,NM,1
47,47171,Unicoi,Tennessee,TN,4
54,54025,Greenbrier,West Virginia,WV,2
48,48503,Young,Texas,TX,3
21,21161,Mason,Kentucky,KY,3
47,47061,Grundy,Tennessee,TN,2
39,39129,Pickaway,Ohio,OH,3
39,39141,Ross,Ohio,OH,3
39,39083,Knox,Ohio,OH,3
39,39089,Licking,Ohio,OH,2
39,39045,Fairfield,Ohio,OH,2
39,39103,Medina,Ohio,OH,1
39,39153,Summit,Ohio,OH,2
39,39169,Wayne,Ohio,OH,2
39,39005,Ashland,Ohio,OH,1
39,39075,Holmes,Ohio,OH,2
54,54001,Barbour,West Virginia,WV,2
42,42007,Beaver,Pennsylvania,PA,4
42,42073,Lawrence,Pennsylvania,PA,5
42,42085,Mercer,Pennsylvania,PA,6
4,4015,Mohave,Arizona,AZ,2
39,39115,Morgan,Ohio,OH,1
39,39067,Harrison,Ohio,OH,2
39,39119,Muskingum,Ohio,OH,1
39,39127,Perry,Ohio,OH,1
39,39163,Vinton,Ohio,OH,1
39,39073,Hocking,Ohio,OH,1
39,39081,Jefferson,Ohio,OH,1
54,54029,Hancock,West Virginia,WV,1
13,13313,Whitfield,Georgia,GA,1
51,51077,Grayson,Virginia,VA,5
42,42051,Fayette,Pennsylvania,PA,2
13,13291,Union,Georgia,GA,1
37,37043,Clay,North Carolina,NC,2
13,13281,Towns,Georgia,GA,1
18,18011,Boone,Indiana,IN,2
18,18103,Miami,Indiana,IN,2
18,18169,Wabash,Indiana,IN,2
18,18151,Steuben,Indiana,IN,2
21,21111,Jefferson,Kentucky,KY,7
21,21029,Bullitt,Kentucky,KY,2
39,39047,Fayette,Ohio,OH,1
39,39097,Madison,Ohio,OH,1
39,39027,Clinton,Ohio,OH,1
39,39049,Franklin,Ohio,OH,1
48,48173,Glasscock,Texas,TX,1
48,48329,Midland,Texas,TX,2
48,48317,Martin,Texas,TX,3
48,48115,Dawson,Texas,TX,1
48,48305,Lynn,Texas,TX,1
48,48107,Crosby,Texas,TX,2
48,48153,Floyd,Texas,TX,1
48,48345,Motley,Texas,TX,2
48,48191,Hall,Texas,TX,2
48,48087,Collingsworth,Texas,TX,2
40,40057,Harmon,Oklahoma,OK,1
40,40055,Greer,Oklahoma,OK,1
40,40009,Beckham,Oklahoma,OK,2
40,40081,Lincoln,Oklahoma,OK,4
21,21013,Bell,Kentucky,KY,2
5,5129,Searcy,Arkansas,AR,3
17,17083,Jersey,Illinois,IL,1
17,17039,De Witt,Illinois,IL,2
48,48307,McCulloch,Texas,TX,2
48,48059,Callahan,Texas,TX,2
48,48009,Archer,Texas,TX,2
48,48485,Wichita,Texas,TX,1
20,20133,Neosho,Kansas,KS,1
29,29185,St. Clair,Missouri,MO,2
21,21211,Shelby,Kentucky,KY,2
21,21097,Harrison,Kentucky,KY,1
47,47095,Lake,Tennessee,TN,2
21,21017,Bourbon,Kentucky,KY,1
39,39071,Highland,Ohio,OH,2
39,39031,Coshocton,Ohio,OH,2
39,39133,Portage,Ohio,OH,1
50,50023,Washington,Vermont,VT,1
18,18021,Clay,Indiana,IN,1
26,26141,Presque Isle,Michigan,MI,1
26,26127,Oceana,Michigan,MI,2
26,26133,Osceola,Michigan,MI,1
26,26123,Newaygo,Michigan,MI,1
26,26113,Missaukee,Michigan,MI,1
26,26085,Lake,Michigan,MI,1
26,26039,Crawford,Michigan,MI,1
37,37005,Alleghany,North Carolina,NC,3
51,51021,Bland,Virginia,VA,2
54,54089,Summers,West Virginia,WV,1
29,29111,Lewis,Missouri,MO,2
19,19057,Des Moines,Iowa,IA,1
19,19061,Dubuque,Iowa,IA,2
55,55043,Grant,Wisconsin,WI,1
55,55111,Sauk,Wisconsin,WI,1
55,55057,Juneau,Wisconsin,WI,2
55,55049,Iowa,Wisconsin,WI,1
55,55103,Richland,Wisconsin,WI,1
55,55001,Adams,Wisconsin,WI,1
55,55135,Waupaca,Wisconsin,WI,1
55,55097,Portage,Wisconsin,WI,1
55,55115,Shawano,Wisconsin,WI,1
