GEOID,county,state,NUMPOINTS
"21007",Ballard,Kentucky,"7"
"21017",Bourbon,Kentucky,"2"
"21031",Butler,Kentucky,"3"
"21065",Estill,Kentucky,"4"
"21069",Fleming,Kentucky,"5"
"21093",Hardin,Kentucky,"17"
"21099",Hart,Kentucky,"13"
"21131",Leslie,Kentucky,"3"
"21151",Madison,Kentucky,"10"
"21155",Marion,Kentucky,"5"
"21179",Nelson,Kentucky,"8"
"17091",Kankakee,Illinois,"21"
"17187",Warren,Illinois,"21"
"17197",Will,Illinois,"47"
"18027",Daviess,Indiana,"13"
"18061",Harrison,Indiana,"11"
"01001",Autauga,Alabama,"19"
"01005",Barbour,Alabama,"16"
"01023",Choctaw,Alabama,"9"
"01035",Conecuh,Alabama,"21"
"01051",Elmore,Alabama,"21"
"01055",Etowah,Alabama,"20"
"01065",Hale,Alabama,"20"
"01089",Madison,Alabama,"46"
"01113",Russell,Alabama,"21"
"01117",Shelby,Alabama,"19"
"05011",Bradley,Arkansas,"16"
"05015",Carroll,Arkansas,"12"
"05019",Clark,Arkansas,"27"
"05025",Cleveland,Arkansas,"8"
"05063",Independence,Arkansas,"31"
"05067",Jackson,Arkansas,"33"
"05121",Randolph,Arkansas,"13"
"06001",Alameda,California,"4"
"06003",Alpine,California,"0"
"06005",Amador,California,"0"
"06013",Contra Costa,California,"4"
"06019",Fresno,California,"24"
"06023",Humboldt,California,"1"
"06033",Lake,California,"0"
"06037",Los Angeles,California,"41"
"06047",Merced,California,"17"
"06057",Nevada,California,"0"
"06081",San Mateo,California,"2"
"06085",Santa Clara,California,"6"
"06115",Yuba,California,"1"
"08013",Boulder,Colorado,"9"
"08029",Delta,Colorado,"2"
"08049",Grand,Colorado,"1"
"08077",Mesa,Colorado,"8"
"08083",Montezuma,Colorado,"2"
"08091",Ouray,Colorado,"0"
"09009",New Haven,Connecticut,"10"
"11001",District of Columbia,District of Columbia,"2"
"12009",Brevard,Florida,"97"
"12023",Columbia,Florida,"17"
"12039",Gadsden,Florida,"25"
"12055",Highlands,Florida,"32"
"12065",Jefferson,Florida,"11"
"12073",Leon,Florida,"17"
"12095",Orange,Florida,"50"
"12107",Putnam,Florida,"43"
"12123",Taylor,Florida,"13"
"12127",Volusia,Florida,"78"
"12131",Walton,Florida,"39"
"12133",Washington,Florida,"23"
"13009",Baldwin,Georgia,"1"
"13027",Brooks,Georgia,"8"
"13103",Effingham,Georgia,"8"
"13121",Fulton,Georgia,"18"
"13141",Hancock,Georgia,"2"
"13149",Heard,Georgia,"5"
"13179",Liberty,Georgia,"8"
"13183",Long,Georgia,"1"
"13189",McDuffie,Georgia,"5"
"13209",Montgomery,Georgia,"3"
"13229",Pierce,Georgia,"12"
"13267",Tattnall,Georgia,"11"
"13271",Telfair,Georgia,"5"
"13291",Union,Georgia,"3"
"13305",Wayne,Georgia,"10"
"13319",Wilkinson,Georgia,"2"
"16015",Boise,Idaho,"0"
"16023",Butte,Idaho,"5"
"16025",Camas,Idaho,"4"
"16027",Canyon,Idaho,"6"
"16037",Custer,Idaho,"1"
"16039",Elmore,Idaho,"2"
"16043",Fremont,Idaho,"2"
"16061",Lewis,Idaho,"0"
"16063",Lincoln,Idaho,"6"
"16085",Valley,Idaho,"0"
"19175",Union,Iowa,"24"
"20053",Ellsworth,Kansas,"39"
"20095",Kingman,Kansas,"43"
"20135",Ness,Kansas,"34"
"20199",Wallace,Kansas,"32"
"48011",Armstrong,Texas,"33"
"48025",Bee,Texas,"33"
"48035",Bosque,Texas,"33"
"48053",Burnet,Texas,"31"
"48055",Caldwell,Texas,"21"
"48083",Coleman,Texas,"30"
"29057",Dade,Missouri,"13"
"29143",New Madrid,Missouri,"17"
"29157",Perry,Missouri,"21"
"29189",St. Louis,Missouri,"23"
"29199",Scotland,Missouri,"8"
"29207",Stoddard,Missouri,"27"
"30015",Chouteau,Montana,"14"
"30023",Deer Lodge,Montana,"1"
"30029",Flathead,Montana,"2"
"30039",Granite,Montana,"1"
"30057",Madison,Montana,"2"
"30071",Phillips,Montana,"12"
"30077",Powell,Montana,"3"
"30085",Roosevelt,Montana,"15"
"30087",Rosebud,Montana,"10"
"30105",Valley,Montana,"29"
"31091",Hooker,Nebraska,"12"
"53065",Stevens,Washington,"5"
"21189",Owsley,Kentucky,"1"
"21195",Pike,Kentucky,"1"
"21217",Taylor,Kentucky,"6"
"21237",Wolfe,Kentucky,"1"
"21239",Woodford,Kentucky,"4"
"22001",Acadia,Louisiana,"57"
"22009",Avoyelles,Louisiana,"31"
"22011",Beauregard,Louisiana,"36"
"22029",Concordia,Louisiana,"29"
"22031",De Soto,Louisiana,"32"
"22033",East Baton Rouge,Louisiana,"30"
"22047",Iberville,Louisiana,"12"
"22071",Orleans,Louisiana,"15"
"22081",Red River,Louisiana,"7"
"22099",St. Martin,Louisiana,"15"
"22119",Webster,Louisiana,"34"
"23013",Knox,Maine,"0"
"23015",Lincoln,Maine,"1"
"18103",Miami,Indiana,"11"
"18129",Posey,Indiana,"11"
"18147",Spencer,Indiana,"6"
"19001",Adair,Iowa,"20"
"19045",Clinton,Iowa,"32"
"19083",Hardin,Iowa,"19"
"19111",Lee,Iowa,"25"
"31167",Stanton,Nebraska,"16"
"34003",Bergen,New Jersey,"8"
"34007",Camden,New Jersey,"5"
"34013",Essex,New Jersey,"2"
"34023",Middlesex,New Jersey,"10"
"34041",Warren,New Jersey,"5"
"35007",Colfax,New Mexico,"15"
"35011",De Baca,New Mexico,"9"
"35051",Sierra,New Mexico,"5"
"36013",Chautauqua,New York,"21"
"36029",Erie,New York,"18"
"36043",Herkimer,New York,"4"
"36045",Jefferson,New York,"4"
"36047",Kings,New York,"0"
"36053",Madison,New York,"3"
"36065",Oneida,New York,"15"
"36077",Otsego,New York,"11"
"36081",Queens,New York,"1"
"36091",Saratoga,New York,"6"
"36115",Washington,New York,"5"
"37007",Anson,North Carolina,"5"
"37027",Caldwell,North Carolina,"7"
"37039",Cherokee,North Carolina,"4"
"37049",Craven,North Carolina,"24"
"37055",Dare,North Carolina,"18"
"37059",Davie,North Carolina,"4"
"37069",Franklin,North Carolina,"6"
"37083",Halifax,North Carolina,"9"
"37091",Hertford,North Carolina,"9"
"37093",Hoke,North Carolina,"9"
"37099",Jackson,North Carolina,"3"
"37111",McDowell,North Carolina,"4"
"37117",Martin,North Carolina,"14"
"37127",Nash,North Carolina,"10"
"37165",Scotland,North Carolina,"7"
"37175",Transylvania,North Carolina,"3"
"37199",Yancey,North Carolina,"1"
"38017",Cass,North Dakota,"71"
"38037",Grant,North Dakota,"24"
"38085",Sioux,North Dakota,"12"
"38099",Walsh,North Dakota,"29"
"39035",Cuyahoga,Ohio,"12"
"39039",Defiance,Ohio,"5"
"39043",Erie,Ohio,"10"
"39125",Paulding,Ohio,"7"
"40065",Jackson,Oklahoma,"61"
"48103",Crane,Texas,"18"
"48141",El Paso,Texas,"6"
"48151",Fisher,Texas,"42"
"48161",Freestone,Texas,"9"
"48167",Galveston,Texas,"81"
"48199",Hardin,Texas,"24"
"48213",Henderson,Texas,"27"
"48229",Hudspeth,Texas,"11"
"48241",Jasper,Texas,"33"
"48245",Jefferson,Texas,"86"
"48261",Kenedy,Texas,"5"
"48289",Leon,Texas,"13"
"48317",Martin,Texas,"38"
"48333",Mills,Texas,"12"
"48347",Nacogdoches,Texas,"33"
"48361",Orange,Texas,"33"
"48371",Pecos,Texas,"62"
"48395",Robertson,Texas,"9"
"48423",Smith,Texas,"52"
"48427",Starr,Texas,"3"
"48457",Tyler,Texas,"9"
"48471",Walker,Texas,"15"
"48475",Ward,Texas,"16"
"48477",Washington,Texas,"23"
"48499",Wood,Texas,"30"
"49001",Beaver,Utah,"4"
"49003",Box Elder,Utah,"8"
"49011",Davis,Utah,"11"
"40073",Kingfisher,Oklahoma,"51"
"40079",Le Flore,Oklahoma,"43"
"40145",Wagoner,Oklahoma,"29"
"41005",Clackamas,Oregon,"5"
"41021",Gilliam,Oregon,"1"
"41033",Josephine,Oregon,"0"
"41035",Klamath,Oregon,"4"
"41039",Lane,Oregon,"6"
"41043",Linn,Oregon,"2"
"41051",Multnomah,Oregon,"4"
"41055",Sherman,Oregon,"0"
"41061",Union,Oregon,"1"
"42005",Armstrong,Pennsylvania,"8"
"42029",Chester,Pennsylvania,"25"
"42035",Clinton,Pennsylvania,"7"
"42059",Greene,Pennsylvania,"4"
"42067",Juniata,Pennsylvania,"3"
"42091",Montgomery,Pennsylvania,"15"
"42111",Somerset,Pennsylvania,"12"
"45005",Allendale,South Carolina,"11"
"45019",Charleston,South Carolina,"33"
"45025",Chesterfield,South Carolina,"18"
"45043",Georgetown,South Carolina,"12"
"45063",Lexington,South Carolina,"21"
"45077",Pickens,South Carolina,"19"
"45091",York,South Carolina,"17"
"46073",Jerauld,South Dakota,"6"
"46093",Meade,South Dakota,"46"
"46095",Mellette,South Dakota,"9"
"46123",Tripp,South Dakota,"31"
"47001",Anderson,Tennessee,"5"
"47003",Bedford,Tennessee,"8"
"47005",Benton,Tennessee,"17"
"47019",Carter,Tennessee,"3"
"47029",Cocke,Tennessee,"4"
"47049",Fentress,Tennessee,"10"
"47063",Hamblen,Tennessee,"0"
"47073",Hawkins,Tennessee,"3"
"47081",Hickman,Tennessee,"7"
"47097",Lauderdale,Tennessee,"18"
"47121",Meigs,Tennessee,"1"
"47149",Rutherford,Tennessee,"24"
"47173",Union,Tennessee,"1"
"48007",Aransas,Texas,"8"
"25001",Barnstable,Massachusetts,"1"
"25013",Hampden,Massachusetts,"15"
"25025",Suffolk,Massachusetts,"0"
"26033",Chippewa,Michigan,"5"
"26053",Gogebic,Michigan,"2"
"26063",Huron,Michigan,"10"
"26097",Mackinac,Michigan,"1"
"26115",Monroe,Michigan,"25"
"13283",Treutlen,Georgia,"6"
"13289",Twiggs,Georgia,"8"
"13313",Whitfield,Georgia,"4"
"13317",Wilkes,Georgia,"4"
"16059",Lemhi,Idaho,"3"
"16073",Owyhee,Idaho,"2"
"16083",Twin Falls,Idaho,"9"
"16087",Washington,Idaho,"3"
"17027",Clinton,Illinois,"13"
"17031",Cook,Illinois,"42"
"17047",Edwards,Illinois,"3"
"49029",Morgan,Utah,"1"
"49035",Salt Lake,Utah,"13"
"49043",Summit,Utah,"0"
"49049",Utah,Utah,"9"
"51015",Augusta,Virginia,"7"
"51037",Charlotte,Virginia,"2"
"51051",Dickenson,Virginia,"1"
"51053",Dinwiddie,Virginia,"6"
"51069",Frederick,Virginia,"10"
"51073",Gloucester,Virginia,"9"
"51085",Hanover,Virginia,"8"
"51099",King George,Virginia,"5"
"51125",Nelson,Virginia,"2"
"51131",Northampton,Virginia,"4"
"51137",Orange,Virginia,"11"
"51145",Powhatan,Virginia,"1"
"51149",Prince George,Virginia,"2"
"51161",Roanoke,Virginia,"2"
"51177",Spotsylvania,Virginia,"9"
"51185",Tazewell,Virginia,"0"
"51199",York,Virginia,"4"
"53005",Benton,Washington,"2"
"53007",Chelan,Washington,"0"
"53009",Clallam,Washington,"0"
"53015",Cowlitz,Washington,"3"
"53025",Grant,Washington,"4"
"53031",Jefferson,Washington,"0"
"53037",Kittitas,Washington,"0"
"53043",Lincoln,Washington,"5"
"12077",Liberty,Florida,"8"
"05061",Howard,Arkansas,"24"
"05093",Mississippi,Arkansas,"33"
"05095",Monroe,Arkansas,"16"
"05099",Nevada,Arkansas,"13"
"05103",Ouachita,Arkansas,"14"
"05109",Pike,Arkansas,"13"
"05117",Prairie,Arkansas,"19"
"05133",Sevier,Arkansas,"11"
"05147",Woodruff,Arkansas,"24"
"06045",Mendocino,California,"1"
"06051",Mono,California,"0"
"25007",Dukes,Massachusetts,"1"
"25017",Middlesex,Massachusetts,"17"
"26041",Delta,Michigan,"8"
"26099",Macomb,Michigan,"16"
"26103",Marquette,Michigan,"5"
"26135",Oscoda,Michigan,"5"
"26147",St. Clair,Michigan,"17"
"26163",Wayne,Michigan,"24"
"27023",Chippewa,Minnesota,"13"
"27053",Hennepin,Minnesota,"25"
"27077",Lake of the Woods,Minnesota,"10"
"27091",Martin,Minnesota,"15"
"27129",Renville,Minnesota,"20"
"27139",Scott,Minnesota,"12"
"27163",Washington,Minnesota,"15"
"28007",Attala,Mississippi,"23"
"28033",DeSoto,Mississippi,"20"
"28055",Issaquena,Mississippi,"6"
"28075",Lauderdale,Mississippi,"27"
"28143",Tunica,Mississippi,"9"
"28157",Wilkinson,Mississippi,"9"
"28163",Yazoo,Mississippi,"30"
"29023",Butler,Missouri,"22"
"29029",Camden,Missouri,"19"
"29031",Cape Girardeau,Missouri,"28"
"29033",Carroll,Missouri,"13"
"17075",Iroquois,Illinois,"35"
"17129",Menard,Illinois,"5"
"17161",Rock Island,Illinois,"20"
"17175",Stark,Illinois,"7"
"17185",Wabash,Illinois,"8"
"18009",Blackford,Indiana,"4"
"18035",Delaware,Indiana,"15"
"18067",Howard,Indiana,"9"
"18083",Knox,Indiana,"14"
"18159",Tipton,Indiana,"14"
"18175",Washington,Indiana,"19"
"49025",Kane,Utah,"0"
"05003",Ashley,Arkansas,"23"
"05007",Benton,Arkansas,"33"
"05013",Calhoun,Arkansas,"11"
"05045",Faulkner,Arkansas,"42"
"13051",Chatham,Georgia,"22"
"13077",Coweta,Georgia,"16"
"13123",Gilmer,Georgia,"6"
"13133",Greene,Georgia,"1"
"13137",Habersham,Georgia,"13"
"13139",Hall,Georgia,"23"
"13143",Haralson,Georgia,"15"
"13157",Jackson,Georgia,"8"
"13171",Lamar,Georgia,"5"
"13181",Lincoln,Georgia,"9"
"13185",Lowndes,Georgia,"16"
"13195",Madison,Georgia,"7"
"13213",Murray,Georgia,"8"
"13217",Newton,Georgia,"4"
"13237",Putnam,Georgia,"0"
"13245",Richmond,Georgia,"7"
"13251",Screven,Georgia,"18"
"13269",Taylor,Georgia,"12"
"13279",Toombs,Georgia,"8"
"23023",Sagadahoc,Maine,"2"
"23031",York,Maine,"8"
"28149",Warren,Mississippi,"30"
"28151",Washington,Mississippi,"24"
"29041",Chariton,Missouri,"11"
"29069",Dunklin,Missouri,"26"
"29087",Holt,Missouri,"10"
"29113",Lincoln,Missouri,"16"
"29159",Pettis,Missouri,"27"
"29183",St. Charles,Missouri,"24"
"29195",Saline,Missouri,"13"
"29197",Schuyler,Missouri,"8"
"29201",Scott,Missouri,"28"
"30001",Beaverhead,Montana,"11"
"30013",Cascade,Montana,"14"
"30027",Fergus,Montana,"23"
"30031",Gallatin,Montana,"3"
"30045",Judith Basin,Montana,"15"
"30049",Lewis and Clark,Montana,"7"
"30055",McCone,Montana,"8"
"30059",Meagher,Montana,"1"
"30069",Petroleum,Montana,"6"
"30073",Pondera,Montana,"0"
"30083",Richland,Montana,"9"
"30099",Teton,Montana,"4"
"31103",Keya Paha,Nebraska,"9"
"31151",Saline,Nebraska,"17"
"32001",Churchill,Nevada,"4"
"32003",Clark,Nevada,"11"
"32015",Lander,Nevada,"1"
"33007",Coos,New Hampshire,"5"
"33015",Rockingham,New Hampshire,"10"
"33017",Strafford,New Hampshire,"5"
"34001",Atlantic,New Jersey,"6"
"34005",Burlington,New Jersey,"14"
"34015",Gloucester,New Jersey,"8"
"34019",Hunterdon,New Jersey,"7"
"34021",Mercer,New Jersey,"5"
"34025",Monmouth,New Jersey,"5"
"34029",Ocean,New Jersey,"10"
"34035",Somerset,New Jersey,"4"
"21229",Washington,Kentucky,"7"
"21231",Wayne,Kentucky,"4"
"22035",East Carroll,Louisiana,"18"
"22045",Iberia,Louisiana,"23"
"22053",Jefferson Davis,Louisiana,"37"
"22055",Lafayette,Louisiana,"35"
"06055",Napa,California,"0"
"06059",Orange,California,"29"
"06069",San Benito,California,"1"
"06073",San Diego,California,"22"
"06079",San Luis Obispo,California,"2"
"06083",Santa Barbara,California,"5"
"06097",Sonoma,California,"10"
"06101",Sutter,California,"2"
"06107",Tulare,California,"13"
"06113",Yolo,California,"3"
"08019",Clear Creek,Colorado,"1"
"08023",Costilla,Colorado,"4"
"08031",Denver,Colorado,"20"
"08037",Eagle,Colorado,"2"
"08055",Huerfano,Colorado,"5"
"01049",DeKalb,Alabama,"26"
"01063",Greene,Alabama,"7"
"01087",Macon,Alabama,"10"
"01091",Marengo,Alabama,"19"
"01095",Marshall,Alabama,"25"
"01101",Montgomery,Alabama,"29"
"01107",Pickens,Alabama,"27"
"01115",St. Clair,Alabama,"27"
"01119",Sumter,Alabama,"10"
"01131",Wilcox,Alabama,"6"
"04005",Coconino,Arizona,"24"
"04009",Graham,Arizona,"0"
"04013",Maricopa,Arizona,"54"
"54001",Barbour,West Virginia,"0"
"54005",Boone,West Virginia,"0"
"54021",Gilmer,West Virginia,"1"
"54039",Kanawha,West Virginia,"7"
"54045",Logan,West Virginia,"0"
"54047",McDowell,West Virginia,"2"
"54063",Monroe,West Virginia,"2"
"54067",Nicholas,West Virginia,"2"
"54087",Roane,West Virginia,"1"
"54107",Wood,West Virginia,"6"
"55003",Ashland,Wisconsin,"7"
"55043",Grant,Wisconsin,"47"
"55113",Sawyer,Wisconsin,"6"
"56029",Park,Wyoming,"7"
"12086",Miami-Dade,Florida,"111"
"12093",Okeechobee,Florida,"21"
"12097",Osceola,Florida,"32"
"13021",Bibb,Georgia,"13"
"13029",Bryan,Georgia,"6"
"39137",Putnam,Ohio,"16"
"39175",Wyandot,Ohio,"8"
"40013",Bryan,Oklahoma,"29"
"40027",Cleveland,Oklahoma,"41"
"40057",Harmon,Oklahoma,"24"
"40067",Jefferson,Oklahoma,"31"
"40075",Kiowa,Oklahoma,"62"
"40095",Marshall,Oklahoma,"27"
"40125",Pottawatomie,Oklahoma,"43"
"40135",Sequoyah,Oklahoma,"33"
"40143",Tulsa,Oklahoma,"64"
"27011",Big Stone,Minnesota,"7"
"27013",Blue Earth,Minnesota,"25"
"27031",Cook,Minnesota,"1"
"27061",Itasca,Minnesota,"10"
"27073",Lac qui Parle,Minnesota,"9"
"27075",Lake,Minnesota,"3"
"27089",Marshall,Minnesota,"18"
"27097",Morrison,Minnesota,"16"
"27127",Redwood,Minnesota,"21"
"27161",Waseca,Minnesota,"15"
"27171",Wright,Minnesota,"18"
"28001",Adams,Mississippi,"13"
"28011",Bolivar,Mississippi,"40"
"28029",Copiah,Mississippi,"31"
"28043",Grenada,Mississippi,"12"
"28083",Leflore,Mississippi,"29"
"28087",Lowndes,Mississippi,"28"
"28103",Noxubee,Mississippi,"18"
"28121",Rankin,Mississippi,"53"
"35015",Eddy,New Mexico,"50"
"35039",Rio Arriba,New Mexico,"2"
"35045",San Juan,New Mexico,"5"
"35055",Taos,New Mexico,"0"
"36025",Delaware,New York,"6"
"36031",Essex,New York,"3"
"36103",Suffolk,New York,"16"
"36105",Sullivan,New York,"9"
"36119",Westchester,New York,"9"
"36123",Yates,New York,"3"
"37009",Ashe,North Carolina,"0"
"37013",Beaufort,North Carolina,"17"
"37017",Bladen,North Carolina,"15"
"37023",Burke,North Carolina,"3"
"37037",Chatham,North Carolina,"9"
"37043",Clay,North Carolina,"3"
"37053",Currituck,North Carolina,"4"
"37057",Davidson,North Carolina,"11"
"37065",Edgecombe,North Carolina,"6"
"37075",Graham,North Carolina,"1"
"37085",Harnett,North Carolina,"22"
"37089",Henderson,North Carolina,"3"
"37095",Hyde,North Carolina,"17"
"37103",Jones,North Carolina,"13"
"37115",Madison,North Carolina,"3"
"37123",Montgomery,North Carolina,"8"
"28141",Tishomingo,Mississippi,"14"
"42099",Perry,Pennsylvania,"5"
"42103",Pike,Pennsylvania,"6"
"42127",Wayne,Pennsylvania,"2"
"42133",York,Pennsylvania,"20"
"48411",San Saba,Texas,"13"
"48429",Stephens,Texas,"22"
"48449",Titus,Texas,"22"
"48453",Travis,Texas,"54"
"48455",Trinity,Texas,"19"
"48467",Van Zandt,Texas,"21"
"48473",Waller,Texas,"19"
"48479",Webb,Texas,"9"
"49033",Rich,Utah,"2"
"49045",Tooele,Utah,"5"
"49047",Uintah,Utah,"5"
"49051",Wasatch,Utah,"0"
"50017",Orange,Vermont,"1"
"50027",Windsor,Vermont,"4"
"51007",Amelia,Virginia,"6"
"51017",Bath,Virginia,"0"
"51019",Bedford,Virginia,"7"
"51023",Botetourt,Virginia,"1"
"51033",Caroline,Virginia,"11"
"51036",Charles City,Virginia,"6"
"51041",Chesterfield,Virginia,"13"
"51057",Essex,Virginia,"1"
"51067",Franklin,Virginia,"2"
"51083",Halifax,Virginia,"9"
"51091",Highland,Virginia,"1"
"51095",James City,Virginia,"1"
"51107",Loudoun,Virginia,"17"
"51111",Lunenburg,Virginia,"3"
"51127",New Kent,Virginia,"4"
"51133",Northumberland,Virginia,"6"
"51143",Pittsylvania,Virginia,"14"
"51159",Richmond,Virginia,"6"
"51165",Rockingham,Virginia,"6"
"51175",Southampton,Virginia,"8"
"51179",Stafford,Virginia,"11"
"51187",Warren,Virginia,"4"
"53047",Okanogan,Washington,"5"
"53049",Pacific,Washington,"1"
"53053",Pierce,Washington,"4"
"53061",Snohomish,Washington,"7"
"53071",Walla Walla,Washington,"3"
"53073",Whatcom,Washington,"1"
"54013",Calhoun,West Virginia,"0"
"54017",Doddridge,West Virginia,"2"
"54019",Fayette,West Virginia,"3"
"54023",Grant,West Virginia,"1"
"54027",Hampshire,West Virginia,"0"
"54033",Harrison,West Virginia,"3"
"54037",Jefferson,West Virginia,"4"
"54043",Lincoln,West Virginia,"3"
"54065",Morgan,West Virginia,"3"
"54071",Pendleton,West Virginia,"2"
"54081",Raleigh,West Virginia,"7"
"54093",Tucker,West Virginia,"3"
"54095",Tyler,West Virginia,"1"
"37133",Onslow,North Carolina,"40"
"37137",Pamlico,North Carolina,"12"
"37149",Polk,North Carolina,"0"
"37153",Richmond,North Carolina,"1"
"37161",Rutherford,North Carolina,"6"
"37163",Sampson,North Carolina,"12"
"37177",Tyrrell,North Carolina,"8"
"38005",Benson,North Dakota,"39"
"38033",Golden Valley,North Dakota,"6"
"38053",McKenzie,North Dakota,"15"
"38059",Morton,North Dakota,"37"
"38067",Pembina,North Dakota,"34"
"38071",Ramsey,North Dakota,"46"
"22067",Morehouse,Louisiana,"30"
"22069",Natchitoches,Louisiana,"31"
"22079",Rapides,Louisiana,"39"
"22097",St. Landry,Louisiana,"33"
"22107",Tensas,Louisiana,"19"
"22113",Vermilion,Louisiana,"49"
"22117",Washington,Louisiana,"32"
"22123",West Carroll,Louisiana,"17"
"23007",Franklin,Maine,"4"
"08065",Lake,Colorado,"0"
"08071",Las Animas,Colorado,"25"
"08093",Park,Colorado,"2"
"08105",Rio Grande,Colorado,"4"
"08113",San Miguel,Colorado,"0"
"09001",Fairfield,Connecticut,"11"
"09007",Middlesex,Connecticut,"8"
"09011",New London,Connecticut,"1"
"10005",Sussex,Delaware,"15"
"12033",Escambia,Florida,"71"
"12037",Franklin,Florida,"19"
"12041",Gilchrist,Florida,"5"
"12047",Hamilton,Florida,"7"
"12053",Hernando,Florida,"33"
"12071",Lee,Florida,"102"
"19009",Audubon,Iowa,"11"
"19027",Carroll,Iowa,"21"
"19075",Grundy,Iowa,"25"
"19113",Linn,Iowa,"42"
"19147",Palo Alto,Iowa,"16"
"19195",Worth,Iowa,"16"
"20069",Gray,Kansas,"22"
"20143",Ottawa,Kansas,"22"
"20181",Sherman,Kansas,"84"
"21005",Anderson,Kentucky,"8"
"21025",Breathitt,Kentucky,"5"
"21029",Bullitt,Kentucky,"5"
"21033",Caldwell,Kentucky,"8"
"21043",Carter,Kentucky,"2"
"21049",Clark,Kentucky,"4"
"21063",Elliott,Kentucky,"1"
"21071",Floyd,Kentucky,"0"
"21085",Grayson,Kentucky,"5"
"21097",Harrison,Kentucky,"3"
"21109",Jackson,Kentucky,"2"
"21119",Knott,Kentucky,"0"
"21125",Laurel,Kentucky,"15"
"21135",Lewis,Kentucky,"5"
"21139",Livingston,Kentucky,"3"
"21153",Magoffin,Kentucky,"1"
"21159",Martin,Kentucky,"0"
"21167",Mercer,Kentucky,"11"
"21181",Nicholas,Kentucky,"1"
"21183",Ohio,Kentucky,"5"
"21193",Perry,Kentucky,"0"
"21197",Powell,Kentucky,"6"
"21205",Rowan,Kentucky,"2"
"54109",Wyoming,West Virginia,"1"
"55023",Crawford,Wisconsin,"8"
"55037",Florence,Wisconsin,"1"
"55051",Iron,Wisconsin,"3"
"55069",Lincoln,Wisconsin,"23"
"55075",Marinette,Wisconsin,"18"
"55111",Sauk,Wisconsin,"20"
"41007",Clatsop,Oregon,"4"
"41017",Deschutes,Oregon,"5"
"41019",Douglas,Oregon,"0"
"41065",Wasco,Oregon,"1"
"42003",Allegheny,Pennsylvania,"14"
"42027",Centre,Pennsylvania,"8"
"42033",Clearfield,Pennsylvania,"6"
"42041",Cumberland,Pennsylvania,"14"
"42045",Delaware,Pennsylvania,"4"
"42051",Fayette,Pennsylvania,"9"
"42061",Huntingdon,Pennsylvania,"6"
"42071",Lancaster,Pennsylvania,"23"
"42089",Monroe,Pennsylvania,"12"
"42095",Northampton,Pennsylvania,"10"
"51063",Floyd,Virginia,"1"
"51087",Henrico,Virginia,"9"
"53077",Yakima,Washington,"8"
"45027",Clarendon,South Carolina,"23"
"45047",Greenwood,South Carolina,"11"
"01043",Cullman,Alabama,"61"
"45029",Colleton,South Carolina,"17"
"45071",Newberry,South Carolina,"26"
"46067",Hutchinson,South Dakota,"34"
"01033",Colbert,Alabama,"26"
"04007",Gila,Arizona,"3"
"05039",Dallas,Arkansas,"17"
"06039",Madera,California,"10"
"08043",Fremont,Colorado,"6"
"12013",Calhoun,Florida,"14"
"12069",Lake,Florida,"50"
"12129",Wakulla,Florida,"15"
"13219",Oconee,Georgia,"9"
"16035",Clearwater,Idaho,"1"
"16069",Nez Perce,Idaho,"4"
"17153",Pulaski,Illinois,"2"
"18071",Jackson,Indiana,"15"
"19087",Henry,Iowa,"11"
"21003",Allen,Kentucky,"1"
"21051",Clay,Kentucky,"5"
"21165",Menifee,Kentucky,"4"
"46085",Lyman,South Dakota,"38"
"47057",Grainger,Tennessee,"2"
"06009",Calaveras,California,"1"
"08097",Pitkin,Colorado,"1"
"13007",Baker,Georgia,"5"
"21055",Crittenden,Kentucky,"12"
"22017",Caddo,Louisiana,"54"
"22115",Vernon,Louisiana,"35"
"26137",Otsego,Michigan,"2"
"29019",Boone,Missouri,"30"
"30005",Blaine,Montana,"3"
"37029",Camden,North Carolina,"6"
"40089",McCurtain,Oklahoma,"43"
"41023",Grant,Oregon,"2"
"46117",Stanley,South Dakota,"19"
"47091",Johnson,Tennessee,"0"
"39047",Fayette,Ohio,"7"
"39061",Hamilton,Ohio,"12"
"39095",Lucas,Ohio,"8"
"45055",Kershaw,South Carolina,"22"
"45059",Laurens,South Carolina,"11"
"45069",Marlboro,South Carolina,"13"
"45073",Oconee,South Carolina,"19"
"45083",Spartanburg,South Carolina,"24"
"45089",Williamsburg,South Carolina,"12"
"46009",Bon Homme,South Dakota,"22"
"06043",Mariposa,California,"1"
"06095",Solano,California,"3"
"08035",Douglas,Colorado,"57"
"10003",New Castle,Delaware,"23"
"12079",Madison,Florida,"15"
"12113",Santa Rosa,Florida,"62"
"13001",Appling,Georgia,"14"
"13079",Crawford,Georgia,"7"
"13135",Gwinnett,Georgia,"9"
"13311",White,Georgia,"3"
"47107",McMinn,Tennessee,"8"
"47117",Marshall,Tennessee,"12"
"47123",Monroe,Tennessee,"3"
"47143",Rhea,Tennessee,"1"
"47151",Scott,Tennessee,"5"
"47155",Sevier,Tennessee,"0"
"47157",Shelby,Tennessee,"48"
"47165",Sumner,Tennessee,"28"
"47167",Tipton,Tennessee,"17"
"47185",White,Tennessee,"10"
"47189",Wilson,Tennessee,"17"
"48001",Anderson,Texas,"38"
"48005",Angelina,Texas,"32"
"48029",Bexar,Texas,"59"
"48037",Bowie,Texas,"41"
"48043",Brewster,Texas,"15"
"48051",Burleson,Texas,"16"
"48057",Calhoun,Texas,"27"
"48067",Cass,Texas,"39"
"48091",Comal,Texas,"10"
"48109",Culberson,Texas,"5"
"48119",Delta,Texas,"5"
"48173",Glasscock,Texas,"12"
"48187",Guadalupe,Texas,"21"
"48205",Hartley,Texas,"26"
"48215",Hidalgo,Texas,"34"
"48225",Houston,Texas,"21"
"48263",Kent,Texas,"17"
"48273",Kleberg,Texas,"18"
"48287",Lee,Texas,"23"
"48301",Loving,Texas,"7"
"48311",McMullen,Texas,"7"
"48315",Marion,Texas,"14"
"48339",Montgomery,Texas,"44"
"48343",Morris,Texas,"5"
"48349",Navarro,Texas,"35"
"48373",Polk,Texas,"27"
"48377",Presidio,Texas,"5"
"48383",Reagan,Texas,"10"
"48405",San Augustine,Texas,"14"
"48407",San Jacinto,Texas,"17"
"46041",Dewey,South Dakota,"29"
"46071",Jackson,South Dakota,"20"
"46075",Jones,South Dakota,"7"
"46079",Lake,South Dakota,"22"
"46127",Union,South Dakota,"19"
"47013",Campbell,Tennessee,"0"
"47021",Cheatham,Tennessee,"5"
"47031",Coffee,Tennessee,"13"
"47035",Cumberland,Tennessee,"16"
"47037",Davidson,Tennessee,"24"
"47041",DeKalb,Tennessee,"5"
"47065",Hamilton,Tennessee,"9"
"47089",Jefferson,Tennessee,"3"
"56003",Big Horn,Wyoming,"26"
"56013",Fremont,Wyoming,"17"
"56031",Platte,Wyoming,"34"
"56035",Sublette,Wyoming,"5"
"01041",Crenshaw,Alabama,"15"
"04001",Apache,Arizona,"10"
"05001",Arkansas,Arkansas,"30"
"05029",Conway,Arkansas,"32"
"05057",Hempstead,Arkansas,"18"
"39115",Morgan,Ohio,"0"
"40113",Osage,Oklahoma,"69"
"41015",Curry,Oregon,"2"
"42049",Erie,Pennsylvania,"15"
"42101",Philadelphia,Pennsylvania,"5"
"45009",Bamberg,South Carolina,"17"
"45057",Lancaster,South Carolina,"10"
"45087",Union,South Carolina,"14"
"47025",Claiborne,Tennessee,"3"
"47053",Gibson,Tennessee,"22"
"47135",Perry,Tennessee,"2"
"47163",Sullivan,Tennessee,"2"
"48089",Colorado,Texas,"25"
"48135",Ector,Texas,"37"
"48203",Harrison,Texas,"47"
"48323",Maverick,Texas,"10"
"48351",Newton,Texas,"14"
"48379",Rains,Texas,"11"
"48409",San Patricio,Texas,"39"
"48465",Val Verde,Texas,"38"
"49007",Carbon,Utah,"1"
"49019",Grand,Utah,"4"
"51005",Alleghany,Virginia,"0"
"51029",Buckingham,Virginia,"4"
"51089",Henry,Virginia,"4"
"51141",Patrick,Virginia,"4"
"51193",Westmoreland,Virginia,"4"
"53011",Clark,Washington,"7"
"53045",Mason,Washington,"0"
"54025",Greenbrier,West Virginia,"3"
"55001",Adams,Wisconsin,"19"
"08027",Custer,Colorado,"7"
"08051",Gunnison,Colorado,"0"
"05041",Desha,Arkansas,"16"
"13261",Sumter,Georgia,"14"
"18179",Wells,Indiana,"12"
"22111",Union,Louisiana,"26"
"23003",Aroostook,Maine,"16"
"40133",Seminole,Oklahoma,"43"
"35019",Guadalupe,New Mexico,"10"
"37105",Lee,North Carolina,"3"
"37125",Moore,North Carolina,"14"
"19035",Cherokee,Iowa,"18"
"20033",Comanche,Kansas,"31"
"20149",Pottawatomie,Kansas,"26"
"21027",Breckinridge,Kentucky,"7"
"21147",McCreary,Kentucky,"6"
"21175",Morgan,Kentucky,"2"
"22005",Ascension,Louisiana,"11"
"22015",Bossier,Louisiana,"30"
"22025",Catahoula,Louisiana,"22"
"22037",East Feliciana,Louisiana,"8"
"22091",St. Helena,Louisiana,"6"
"22109",Terrebonne,Louisiana,"29"
"26055",Grand Traverse,Michigan,"3"
"27015",Brown,Minnesota,"19"
"27167",Wilkin,Minnesota,"14"
"28051",Holmes,Mississippi,"22"
"29013",Bates,Missouri,"18"
"29095",Jackson,Missouri,"27"
"30053",Lincoln,Montana,"0"
"35033",Mora,New Mexico,"8"
"36059",Nassau,New York,"8"
"38003",Barnes,North Dakota,"40"
"38055",McLean,North Dakota,"35"
"40055",Greer,Oklahoma,"31"
"40117",Pawnee,Oklahoma,"23"
"42043",Dauphin,Pennsylvania,"14"
"42097",Northumberland,Pennsylvania,"8"
"45015",Berkeley,South Carolina,"26"
"45067",Marion,South Carolina,"8"
"47009",Blount,Tennessee,"5"
"47129",Morgan,Tennessee,"7"
"48065",Carson,Texas,"78"
"48157",Fort Bend,Texas,"45"
"12057",Hillsborough,Florida,"116"
"12089",Nassau,Florida,"19"
"13025",Brantley,Georgia,"4"
"39167",Washington,Ohio,"7"
"40023",Choctaw,Oklahoma,"22"
"18007",Benton,Indiana,"15"
"18051",Gibson,Indiana,"12"
"18123",Perry,Indiana,"6"
"20083",Hodgeman,Kansas,"37"
"20203",Wichita,Kansas,"20"
"21079",Garrard,Kentucky,"7"
"21123",Larue,Kentucky,"3"
"21209",Scott,Kentucky,"8"
"22065",Madison,Louisiana,"37"
"22105",Tangipahoa,Louisiana,"48"
"23025",Somerset,Maine,"9"
"26007",Alpena,Michigan,"11"
"28017",Chickasaw,Mississippi,"18"
"48419",Shelby,Texas,"26"
"54083",Randolph,West Virginia,"4"
"06063",Plumas,California,"0"
"48129",Donley,Texas,"41"
"48313",Madison,Texas,"10"
"53027",Grays Harbor,Washington,"2"
"54059",Mingo,West Virginia,"0"
"05119",Pulaski,Arkansas,"51"
"06093",Siskiyou,California,"1"
"13075",Cook,Georgia,"8"
"25005",Bristol,Massachusetts,"6"
"13303",Washington,Georgia,"7"
"17017",Cass,Illinois,"6"
"22043",Grant,Louisiana,"10"
"22127",Winn,Louisiana,"15"
"10001",Kent,Delaware,"17"
"12075",Levy,Florida,"19"
"27021",Cass,Minnesota,"18"
"28089",Madison,Mississippi,"39"
"29227",Worth,Missouri,"11"
"30043",Jefferson,Montana,"0"
"30081",Ravalli,Montana,"3"
"34027",Morris,New Jersey,"6"
"36075",Oswego,New York,"10"
"37021",Buncombe,North Carolina,"5"
"37107",Lenoir,North Carolina,"21"
"37145",Person,North Carolina,"5"
"37193",Wilkes,North Carolina,"5"
"40141",Tillman,Oklahoma,"57"
"41031",Jefferson,Oregon,"2"
"41047",Marion,Oregon,"8"
"27087",Mahnomen,Minnesota,"13"
"27173",Yellow Medicine,Minnesota,"14"
"28109",Pearl River,Mississippi,"36"
"29027",Callaway,Missouri,"29"
"30009",Carbon,Montana,"2"
"30033",Garfield,Montana,"12"
"31033",Cheyenne,Nebraska,"48"
"34031",Passaic,New Jersey,"3"
"35017",Grant,New Mexico,"6"
"36009",Cattaraugus,New York,"10"
"36061",New York,New York,"0"
"36071",Orange,New York,"9"
"37015",Bertie,North Carolina,"19"
"37101",Johnston,North Carolina,"15"
"37131",Northampton,North Carolina,"13"
"37159",Rowan,North Carolina,"8"
"37183",Wake,North Carolina,"24"
"13201",Miller,Georgia,"6"
"13265",Taliaferro,Georgia,"0"
"44009",Washington,Rhode Island,"0"
"45003",Aiken,South Carolina,"27"
"45007",Anderson,South Carolina,"25"
"45017",Calhoun,South Carolina,"10"
"45035",Dorchester,South Carolina,"17"
"45041",Florence,South Carolina,"33"
"45045",Greenville,South Carolina,"19"
"45051",Horry,South Carolina,"34"
"30007",Broadwater,Montana,"3"
"30093",Silver Bow,Montana,"0"
"37051",Cumberland,North Carolina,"14"
"37139",Pasquotank,North Carolina,"10"
"45061",Lee,South Carolina,"10"
"46055",Haakon,South Dakota,"26"
"47045",Dyer,Tennessee,"27"
"47127",Moore,Tennessee,"3"
"51081",Greensville,Virginia,"7"
"51105",Lee,Virginia,"3"
"51195",Wise,Virginia,"2"
"54007",Braxton,West Virginia,"1"
"54099",Wayne,West Virginia,"1"
"42031",Clarion,Pennsylvania,"6"
"01009",Blount,Alabama,"27"
"01047",Dallas,Alabama,"27"
"05073",Lafayette,Arkansas,"7"
"06027",Inyo,California,"0"
"06053",Monterey,California,"4"
"06053",Monterey,California,"4"
"06099",Stanislaus,California,"7"
"08111",San Juan,Colorado,"0"
"12045",Gulf,Florida,"26"
"12105",Polk,Florida,"149"
"12121",Suwannee,Florida,"34"
"16041",Franklin,Idaho,"3"
"16079",Shoshone,Idaho,"1"
"18021",Clay,Indiana,"10"
"48175",Goliad,Texas,"20"
"48503",Young,Texas,"41"
"51113",Madison,Virginia,"9"
"53033",King,Washington,"3"
"53057",Skagit,Washington,"0"
"06091",Sierra,California,"0"
"18125",Pike,Indiana,"17"
"26003",Alger,Michigan,"6"
"27103",Nicollet,Minnesota,"16"
"01039",Covington,Alabama,"36"
"01061",Geneva,Alabama,"12"
"01075",Lamar,Alabama,"24"
"04011",Greenlee,Arizona,"0"
"01013",Butler,Alabama,"20"
"01015",Calhoun,Alabama,"19"
"21235",Whitley,Kentucky,"1"
"22057",Lafourche,Louisiana,"32"
"26013",Baraga,Michigan,"2"
"26071",Iron,Michigan,"5"
"47145",Roane,Tennessee,"3"
"47183",Weakley,Tennessee,"18"
"48041",Brazos,Texas,"22"
"48079",Cochran,Texas,"29"
"48341",Moore,Texas,"51"
"49005",Cache,Utah,"4"
"49023",Juab,Utah,"0"
"51103",Lancaster,Virginia,"5"
"51157",Rappahannock,Virginia,"4"
"53019",Ferry,Washington,"1"
"53075",Whitman,Washington,"2"
"55011",Buffalo,Wisconsin,"12"
"56033",Sheridan,Wyoming,"11"
"56039",Teton,Wyoming,"1"
"05085",Lonoke,Arkansas,"53"
"06089",Shasta,California,"0"
"08005",Arapahoe,Colorado,"86"
"08033",Dolores,Colorado,"0"
"01073",Jefferson,Alabama,"70"
"01129",Washington,Alabama,"18"
"42131",Wyoming,Pennsylvania,"3"
"45021",Cherokee,South Carolina,"11"
"27137",St. Louis,Minnesota,"31"
"28021",Claiborne,Mississippi,"22"
"28053",Humphreys,Mississippi,"20"
"28137",Tate,Mississippi,"8"
"30003",Big Horn,Montana,"11"
"30035",Glacier,Montana,"2"
"30061",Mineral,Montana,"0"
"30089",Sanders,Montana,"1"
"31009",Blaine,Nebraska,"5"
"32033",White Pine,Nevada,"7"
"34009",Cape May,New Jersey,"7"
"36017",Chenango,New York,"10"
"37019",Brunswick,North Carolina,"17"
"37047",Columbus,North Carolina,"17"
"37079",Greene,North Carolina,"10"
"37147",Pitt,North Carolina,"24"
"37173",Swain,North Carolina,"0"
"45065",McCormick,South Carolina,"13"
"46003",Aurora,South Dakota,"13"
"47055",Giles,Tennessee,"14"
"47085",Humphreys,Tennessee,"11"
"05145",White,Arkansas,"48"
"13107",Emanuel,Georgia,"6"
"16007",Bear Lake,Idaho,"1"
"47119",Maury,Tennessee,"11"
"47147",Robertson,Tennessee,"14"
"48015",Austin,Texas,"26"
"48277",Lamar,Texas,"36"
"48391",Refugio,Texas,"13"
"48469",Victoria,Texas,"35"
"49057",Weber,Utah,"5"
"51003",Albemarle,Virginia,"10"
"51031",Campbell,Virginia,"4"
"51059",Fairfax,Virginia,"12"
"51121",Montgomery,Virginia,"2"
"51155",Pulaski,Virginia,"0"
"53067",Thurston,Washington,"4"
"54031",Hardy,West Virginia,"1"
"54057",Mineral,West Virginia,"2"
"54085",Ritchie,West Virginia,"0"
"55007",Bayfield,Wisconsin,"4"
"55057",Juneau,Wisconsin,"21"
"55121",Trempealeau,Wisconsin,"11"
"41003",Benton,Oregon,"1"
"42023",Cameron,Pennsylvania,"2"
"42055",Franklin,Pennsylvania,"11"
"44007",Providence,Rhode Island,"5"
"21203",Rockcastle,Kentucky,"6"
"05017",Chicot,Arkansas,"25"
"13215",Muscogee,Georgia,"6"
"13301",Warren,Georgia,"2"
"16013",Blaine,Idaho,"7"
"16031",Cassia,Idaho,"5"
"17125",Mason,Illinois,"23"
"17007",Boone,Illinois,"7"
"18053",Grant,Indiana,"14"
"20065",Graham,Kansas,"32"
"21011",Bath,Kentucky,"3"
"21067",Fayette,Kentucky,"5"
"21101",Henderson,Kentucky,"13"
"21133",Letcher,Kentucky,"1"
"22077",Pointe Coupee,Louisiana,"15"
"22103",St. Tammany,Louisiana,"35"
"08069",Larimer,Colorado,"28"
"12029",Dixie,Florida,"4"
"27067",Kandiyohi,Minnesota,"34"
"27119",Polk,Minnesota,"49"
"20067",Grant,Kansas,"21"
"21089",Greenup,Kentucky,"5"
"26089",Leelanau,Michigan,"2"
"26141",Presque Isle,Michigan,"5"
"32031",Washoe,Nevada,"12"
"38097",Traill,North Dakota,"16"
"47105",Loudon,Tennessee,"4"
"13309",Wheeler,Georgia,"5"
"17003",Alexander,Illinois,"9"
"17189",Washington,Illinois,"20"
"19003",Adams,Iowa,"12"
"19163",Scott,Iowa,"29"
"20195",Trego,Kansas,"55"
"21187",Owen,Kentucky,"3"
"22063",Livingston,Louisiana,"20"
"22101",St. Mary,Louisiana,"18"
"08117",Summit,Colorado,"0"
"12007",Bradford,Florida,"15"
"13031",Bulloch,Georgia,"13"
"39123",Ottawa,Ohio,"5"
"40101",Muskogee,Oklahoma,"40"
"27069",Kittson,Minnesota,"32"
"27107",Norman,Minnesota,"12"
"27145",Stearns,Minnesota,"34"
"28049",Hinds,Mississippi,"61"
"29171",Putnam,Missouri,"6"
"30075",Powder River,Montana,"14"
"32011",Eureka,Nevada,"3"
"34033",Salem,New Jersey,"5"
"36113",Warren,New York,"3"
"37031",Carteret,North Carolina,"44"
"37113",Macon,North Carolina,"3"
"38035",Grand Forks,North Dakota,"43"
"39055",Geauga,Ohio,"10"
"46023",Charles Mix,South Dakota,"36"
"47093",Knox,Tennessee,"8"
"01071",Jackson,Alabama,"21"
"13019",Berrien,Georgia,"11"
"48061",Cameron,Texas,"49"
"48185",Grimes,Texas,"13"
"48239",Jackson,Texas,"38"
"06011",Colusa,California,"0"
"16029",Caribou,Idaho,"2"
"01021",Chilton,Alabama,"19"
"01027",Clay,Alabama,"19"
"01029",Cleburne,Alabama,"14"
"04023",Santa Cruz,Arizona,"0"
"01093",Marion,Alabama,"17"
"05053",Grant,Arkansas,"13"
"01103",Morgan,Alabama,"23"
"01133",Winston,Alabama,"18"
"48389",Reeves,Texas,"40"
"49017",Garfield,Utah,"2"
"51093",Isle of Wight,Virginia,"6"
"51171",Shenandoah,Virginia,"3"
"53021",Franklin,Washington,"3"
"53055",San Juan,Washington,"0"
"05069",Jefferson,Arkansas,"22"
"05107",Phillips,Arkansas,"14"
"06041",Marin,California,"2"
"06077",San Joaquin,California,"16"
"08001",Adams,Colorado,"139"
"01059",Franklin,Alabama,"10"
"01097",Mobile,Alabama,"65"
"48283",La Salle,Texas,"6"
"48401",Rusk,Texas,"36"
"48459",Upshur,Texas,"15"
"49037",San Juan,Utah,"0"
"51027",Buchanan,Virginia,"0"
"51101",King William,Virginia,"7"
"51147",Prince Edward,Virginia,"3"
"51191",Washington,Virginia,"5"
"54003",Berkeley,West Virginia,"8"
"54041",Lewis,West Virginia,"3"
"42017",Bucks,Pennsylvania,"16"
"05043",Drew,Arkansas,"14"
"05049",Fulton,Arkansas,"16"
"04021",Pinal,Arizona,"26"
"13113",Fayette,Georgia,"4"
"13151",Henry,Georgia,"11"
"13191",McIntosh,Georgia,"5"
"23027",Waldo,Maine,"1"
"05135",Sharp,Arkansas,"17"
"09005",Litchfield,Connecticut,"22"
"09013",Tolland,Connecticut,"9"
"12115",Sarasota,Florida,"66"
"05101",Newton,Arkansas,"9"
"05105",Perry,Arkansas,"13"
"05115",Pope,Arkansas,"20"
"05005",Baxter,Arkansas,"14"
"05009",Boone,Arkansas,"10"
"08021",Conejos,Colorado,"4"
"08039",Elbert,Colorado,"93"
"08059",Jefferson,Colorado,"9"
"01037",Coosa,Alabama,"9"
"08073",Lincoln,Colorado,"78"
"08101",Pueblo,Colorado,"16"
"08121",Washington,Colorado,"122"
"08125",Yuma,Colorado,"80"
"05077",Lee,Arkansas,"9"
"01017",Chambers,Alabama,"8"
"05129",Searcy,Arkansas,"12"
"13063",Clayton,Georgia,"8"
"13159",Jasper,Georgia,"2"
"06031",Kings,California,"7"
"06035",Lassen,California,"0"
"06075",San Francisco,California,"0"
"08003",Alamosa,Colorado,"12"
"08015",Chaffee,Colorado,"1"
"13003",Atkinson,Georgia,"4"
"12035",Flagler,Florida,"24"
"12059",Holmes,Florida,"13"
"12087",Monroe,Florida,"40"
"12109",St. Johns,Florida,"41"
"12111",St. Lucie,Florida,"36"
"05149",Yell,Arkansas,"21"
"06021",Glenn,California,"4"
"06025",Imperial,California,"6"
"06061",Placer,California,"3"
"06109",Tuolumne,California,"1"
"13117",Forsyth,Georgia,"5"
"13169",Jones,Georgia,"7"
"13197",Marion,Georgia,"8"
"17067",Hancock,Illinois,"25"
"17183",Vermilion,Illinois,"37"
"13059",Clarke,Georgia,"4"
"13069",Coffee,Georgia,"16"
"13083",Dade,Georgia,"0"
"17053",Ford,Illinois,"21"
"13145",Harris,Georgia,"12"
"13023",Bleckley,Georgia,"10"
"13037",Calhoun,Georgia,"4"
"13053",Chattahoochee,Georgia,"4"
"17073",Henry,Illinois,"33"
"17097",Lake,Illinois,"11"
"17059",Gallatin,Illinois,"5"
"17063",Grundy,Illinois,"10"
"13093",Dooly,Georgia,"13"
"16051",Jefferson,Idaho,"16"
"16065",Madison,Idaho,"7"
"13111",Fannin,Georgia,"6"
"13243",Randolph,Georgia,"5"
"13257",Stephens,Georgia,"7"
"17011",Bureau,Illinois,"27"
"17015",Carroll,Illinois,"11"
"18099",Marshall,Indiana,"23"
"18101",Martin,Indiana,"5"
"13287",Turner,Georgia,"5"
"13295",Walker,Georgia,"13"
"16009",Benewah,Idaho,"0"
"18003",Allen,Indiana,"24"
"17149",Pike,Illinois,"27"
"17159",Richland,Illinois,"7"
"17107",Logan,Illinois,"53"
"17115",Macon,Illinois,"51"
"17121",Marion,Illinois,"20"
"17131",Mercer,Illinois,"26"
"17135",Montgomery,Illinois,"23"
"17145",Perry,Illinois,"9"
"13233",Polk,Georgia,"10"
"13239",Quitman,Georgia,"0"
"18031",Decatur,Indiana,"14"
"18037",Dubois,Indiana,"11"
"18041",Fayette,Indiana,"6"
"18055",Greene,Indiana,"11"
"18065",Henry,Indiana,"18"
"18075",Jay,Indiana,"7"
"18085",Kosciusko,Indiana,"17"
"18091",LaPorte,Indiana,"18"
"18109",Morgan,Indiana,"17"
"16019",Bonneville,Idaho,"3"
"16021",Boundary,Idaho,"1"
"16045",Gem,Idaho,"4"
"17029",Coles,Illinois,"31"
"18181",White,Indiana,"12"
"19007",Appanoose,Iowa,"15"
"19017",Bremer,Iowa,"19"
"19025",Calhoun,Iowa,"27"
"18095",Madison,Indiana,"17"
"18097",Marion,Indiana,"34"
"17173",Shelby,Illinois,"22"
"17177",Stephenson,Illinois,"9"
"16075",Payette,Idaho,"1"
"17005",Bond,Illinois,"13"
"19103",Johnson,Iowa,"25"
"19117",Lucas,Iowa,"8"
"19127",Marshall,Iowa,"25"
"19131",Mitchell,Iowa,"18"
"20105",Lincoln,Kansas,"25"
"20109",Logan,Kansas,"22"
"20111",Lyon,Kansas,"37"
"20113",McPherson,Kansas,"30"
"19135",Monroe,Iowa,"10"
"19041",Clay,Iowa,"31"
"18017",Cass,Indiana,"15"
"20049",Elk,Kansas,"22"
"20057",Ford,Kansas,"67"
"18115",Ohio,Indiana,"1"
"18119",Owen,Indiana,"10"
"18121",Parke,Indiana,"6"
"20091",Johnson,Kansas,"27"
"20097",Kiowa,Kansas,"44"
"20101",Lane,Kansas,"21"
"19049",Dallas,Iowa,"38"
"18133",Putnam,Indiana,"16"
"18157",Tippecanoe,Indiana,"39"
"18111",Newton,Indiana,"11"
"17021",Christian,Illinois,"22"
"19159",Ringgold,Iowa,"19"
"19165",Shelby,Iowa,"22"
"20063",Gove,Kansas,"37"
"20073",Greenwood,Kansas,"28"
"20077",Harper,Kansas,"54"
"20085",Jackson,Kansas,"24"
"19169",Story,Iowa,"44"
"19189",Winnebago,Iowa,"13"
"20001",Allen,Kansas,"22"
"20009",Barton,Kansas,"75"
"20015",Butler,Kansas,"55"
"20025",Clark,Kansas,"37"
"20029",Cloud,Kansas,"36"
"20043",Doniphan,Kansas,"12"
"40045",Ellis,Oklahoma,"60"
"48309",McLennan,Texas,"53"
"48337",Montague,Texas,"33"
"48355",Nueces,Texas,"85"
"51720",Norton,Virginia,"0"
"51740",Portsmouth,Virginia,"2"
"18143",Scott,Indiana,"7"
"18171",Warren,Indiana,"8"
"18177",Wayne,Indiana,"14"
"19097",Jackson,Iowa,"13"
"19141",O'Brien,Iowa,"18"
"19055",Delaware,Iowa,"24"
"19073",Greene,Iowa,"19"
"19079",Hamilton,Iowa,"29"
"40041",Delaware,Oklahoma,"25"
"46111",Sanborn,South Dakota,"18"
"51810",Virginia Beach,Virginia,"10"
"20087",Jefferson,Kansas,"33"
"20089",Jewell,Kansas,"34"
"46109",Roberts,South Dakota,"18"
"46121",Todd,South Dakota,"33"
"53051",Pend Oreille,Washington,"1"
"53059",Skamania,Washington,"0"
"54011",Cabell,West Virginia,"1"
"23011",Kennebec,Maine,"9"
"38103",Wells,North Dakota,"20"
"30101",Toole,Montana,"7"
"31003",Antelope,Nebraska,"28"
"48275",Knox,Texas,"23"
"31029",Chase,Nebraska,"26"
"25009",Essex,Massachusetts,"10"
"26015",Barry,Michigan,"13"
"38045",LaMoure,North Dakota,"33"
"38051",McIntosh,North Dakota,"17"
"38095",Towner,North Dakota,"14"
"38101",Ward,North Dakota,"53"
"25003",Berkshire,Massachusetts,"13"
"25011",Franklin,Massachusetts,"20"
"25021",Norfolk,Massachusetts,"9"
"26159",Van Buren,Michigan,"16"
"26165",Wexford,Michigan,"6"
"40151",Woods,Oklahoma,"42"
"42073",Lawrence,Pennsylvania,"8"
"42083",McKean,Pennsylvania,"3"
"48441",Taylor,Texas,"61"
"48451",Tom Green,Texas,"54"
"55123",Vernon,Wisconsin,"19"
"47115",Marion,Tennessee,"9"
"47125",Montgomery,Tennessee,"27"
"51153",Prince William,Virginia,"4"
"46015",Brule,South Dakota,"26"
"46035",Davison,South Dakota,"20"
"46039",Deuel,South Dakota,"20"
"46049",Faulk,South Dakota,"16"
"51075",Goochland,Virginia,"6"
"45001",Abbeville,South Carolina,"15"
"48045",Briscoe,Texas,"38"
"51181",Surry,Virginia,"5"
"29005",Atchison,Missouri,"15"
"29009",Barry,Missouri,"24"
"39159",Union,Ohio,"9"
"31171",Thomas,Nebraska,"5"
"48145",Falls,Texas,"13"
"36057",Montgomery,New York,"5"
"36067",Onondaga,New York,"8"
"39105",Meigs,Ohio,"3"
"27153",Todd,Minnesota,"13"
"27157",Wabasha,Minnesota,"8"
"28013",Calhoun,Mississippi,"12"
"26023",Branch,Michigan,"13"
"37001",Alamance,North Carolina,"5"
"55077",Marquette,Wisconsin,"28"
"29203",Shannon,Missouri,"12"
"29133",Mississippi,Missouri,"20"
"29149",Oregon,Missouri,"15"
"31031",Cherry,Nebraska,"65"
"31035",Clay,Nebraska,"24"
"31037",Colfax,Nebraska,"23"
"38027",Eddy,North Dakota,"13"
"13205",Mitchell,Georgia,"20"
"13315",Wilcox,Georgia,"5"
"16033",Clark,Idaho,"7"
"17043",DuPage,Illinois,"21"
"47101",Lewis,Tennessee,"4"
"48385",Real,Texas,"2"
"48399",Runnels,Texas,"50"
"55085",Oneida,Wisconsin,"19"
"40131",Rogers,Oklahoma,"39"
"48093",Comanche,Texas,"36"
"36019",Clinton,New York,"1"
"31051",Dixon,Nebraska,"20"
"41025",Harney,Oregon,"5"
"47087",Jackson,Tennessee,"4"
"28023",Clarke,Mississippi,"23"
"48485",Wichita,Texas,"46"
"48489",Willacy,Texas,"13"
"50025",Windham,Vermont,"5"
"21075",Fulton,Kentucky,"4"
"21083",Graves,Kentucky,"10"
"26027",Cass,Michigan,"10"
"30067",Park,Montana,"0"
"30095",Stillwater,Montana,"1"
"36073",Orleans,New York,"1"
"48049",Brown,Texas,"26"
"48069",Castro,Texas,"60"
"13273",Terrell,Georgia,"6"
"45081",Saluda,South Carolina,"8"
"46005",Beadle,South Dakota,"33"
"46011",Brookings,South Dakota,"27"
"29021",Buchanan,Missouri,"14"
"29035",Carter,Missouri,"7"
"26037",Clinton,Michigan,"14"
"26051",Gladwin,Michigan,"8"
"40001",Adair,Oklahoma,"17"
"40005",Atoka,Oklahoma,"30"
"40033",Cotton,Oklahoma,"31"
"08053",Hinsdale,Colorado,"0"
"12031",Duval,Florida,"57"
"12119",Sumter,Florida,"11"
"13073",Columbia,Georgia,"3"
"55105",Rock,Wisconsin,"18"
"55119",Taylor,Wisconsin,"7"
"41011",Coos,Oregon,"0"
"51079",Greene,Virginia,"3"
"32013",Humboldt,Nevada,"5"
"27095",Mille Lacs,Minnesota,"10"
"27101",Murray,Minnesota,"19"
"27109",Olmsted,Minnesota,"28"
"27125",Red Lake,Minnesota,"13"
"54049",Marion,West Virginia,"5"
"54073",Pleasants,West Virginia,"0"
"55067",Langlade,Wisconsin,"2"
"55073",Marathon,Wisconsin,"41"
"17137",Morgan,Illinois,"18"
"42121",Venango,Pennsylvania,"8"
"44001",Bristol,Rhode Island,"2"
"48107",Crosby,Texas,"48"
"39099",Mahoning,Ohio,"15"
"39103",Medina,Ohio,"20"
"32009",Esmeralda,Nevada,"1"
"41027",Hood River,Oregon,"0"
"41049",Morrow,Oregon,"1"
"48507",Zavala,Texas,"8"
"49009",Daggett,Utah,"2"
"49021",Iron,Utah,"4"
"56041",Uinta,Wyoming,"3"
"51011",Appomattox,Virginia,"3"
"51025",Brunswick,Virginia,"11"
"21045",Casey,Kentucky,"4"
"21113",Jessamine,Kentucky,"4"
"21141",Logan,Kentucky,"13"
"41059",Umatilla,Oregon,"5"
"40017",Canadian,Oklahoma,"74"
"56045",Weston,Wyoming,"25"
"23019",Penobscot,Maine,"10"
"51043",Clarke,Virginia,"6"
"48251",Johnson,Texas,"79"
"51135",Nottoway,Virginia,"10"
"22095",St. John the Baptist,Louisiana,"12"
"22125",West Feliciana,Louisiana,"7"
"26061",Houghton,Michigan,"1"
"48231",Hunt,Texas,"49"
"48279",Lamb,Texas,"73"
"04003",Cochise,Arizona,"12"
"29081",Harrison,Missouri,"20"
"31023",Butler,Nebraska,"28"
"37189",Watauga,North Carolina,"2"
"38007",Billings,North Dakota,"4"
"51630",Fredericksburg,Virginia,"1"
"42013",Blair,Pennsylvania,"4"
"42117",Tioga,Pennsylvania,"4"
"26065",Ingham,Michigan,"23"
"29167",Polk,Missouri,"15"
"19191",Winneshiek,Iowa,"14"
"29085",Hickory,Missouri,"5"
"40035",Craig,Oklahoma,"36"
"49027",Millard,Utah,"3"
"50009",Essex,Vermont,"1"
"47139",Polk,Tennessee,"5"
"47153",Sequatchie,Tennessee,"2"
"48497",Wise,Texas,"48"
"13223",Paulding,Georgia,"5"
"55127",Walworth,Wisconsin,"22"
"56001",Albany,Wyoming,"22"
"56005",Campbell,Wyoming,"84"
"21201",Robertson,Kentucky,"1"
"20023",Cheyenne,Kansas,"38"
"47169",Trousdale,Tennessee,"3"
"50019",Orleans,Vermont,"4"
"48413",Schleicher,Texas,"11"
"46059",Hand,South Dakota,"29"
"46063",Harding,South Dakota,"13"
"46077",Kingsbury,South Dakota,"40"
"46087",McCook,South Dakota,"39"
"46089",McPherson,South Dakota,"25"
"56015",Goshen,Wyoming,"59"
"47177",Warren,Tennessee,"12"
"48017",Bailey,Texas,"43"
"48131",Duval,Texas,"11"
"48143",Erath,Texas,"35"
"42011",Berks,Pennsylvania,"18"
"42019",Butler,Pennsylvania,"15"
"42105",Potter,Pennsylvania,"7"
"42115",Susquehanna,Pennsylvania,"7"
"51049",Cumberland,Virginia,"1"
"26017",Bay,Michigan,"11"
"51685",Manassas Park,Virginia,"0"
"48163",Frio,Texas,"13"
"48165",Gaines,Texas,"35"
"48179",Gray,Texas,"67"
"28047",Harrison,Mississippi,"51"
"48285",Lavaca,Texas,"33"
"48303",Lubbock,Texas,"80"
"51540",Charlottesville,Virginia,"0"
"51570",Colonial Heights,Virginia,"0"
"51610",Falls Church,Virginia,"0"
"30019",Daniels,Montana,"9"
"39025",Clermont,Ohio,"9"
"39053",Gallia,Ohio,"5"
"39067",Harrison,Ohio,"4"
"31153",Sarpy,Nebraska,"10"
"40093",Major,Oklahoma,"41"
"40103",Noble,Oklahoma,"30"
"40053",Grant,Oklahoma,"53"
"31081",Hamilton,Nebraska,"44"
"31109",Lancaster,Nebraska,"32"
"31119",Madison,Nebraska,"31"
"01057",Fayette,Alabama,"30"
"01111",Randolph,Alabama,"9"
"05021",Clay,Arkansas,"14"
"05023",Cleburne,Arkansas,"15"
"05037",Cross,Arkansas,"15"
"27071",Koochiching,Minnesota,"8"
"19197",Wright,Iowa,"21"
"20013",Brown,Kansas,"43"
"40107",Okfuskee,Oklahoma,"25"
"31053",Dodge,Nebraska,"19"
"31123",Morrill,Nebraska,"37"
"21041",Carroll,Kentucky,"5"
"39135",Preble,Ohio,"9"
"39119",Muskingum,Ohio,"15"
"05051",Garland,Arkansas,"27"
"31095",Jefferson,Nebraska,"19"
"29173",Ralls,Missouri,"13"
"40021",Cherokee,Oklahoma,"26"
"36079",Putnam,New York,"4"
"36097",Schuyler,New York,"4"
"29011",Barton,Missouri,"23"
"39127",Perry,Ohio,"5"
"20045",Douglas,Kansas,"35"
"20051",Ellis,Kansas,"47"
"20055",Finney,Kansas,"69"
"29177",Ray,Missouri,"20"
"28153",Wayne,Mississippi,"7"
"28159",Winston,Mississippi,"10"
"28161",Yalobusha,Mississippi,"7"
"20173",Sedgwick,Kansas,"72"
"20177",Shawnee,Kansas,"37"
"20185",Stafford,Kansas,"53"
"29017",Bollinger,Missouri,"13"
"29047",Clay,Missouri,"27"
"20059",Franklin,Kansas,"19"
"39163",Vinton,Ohio,"1"
"29105",Laclede,Missouri,"14"
"29109",Lawrence,Missouri,"13"
"31137",Phelps,Nebraska,"27"
"33003",Carroll,New Hampshire,"9"
"39009",Athens,Ohio,"0"
"19181",Warren,Iowa,"27"
"19185",Wayne,Iowa,"23"
"19187",Webster,Iowa,"33"
"21207",Russell,Kentucky,"6"
"38065",Oliver,North Dakota,"5"
"06111",Ventura,California,"5"
"08009",Baca,Colorado,"62"
"08011",Bent,Colorado,"38"
"08017",Cheyenne,Colorado,"59"
"29125",Maries,Missouri,"8"
"31133",Pawnee,Nebraska,"12"
"20175",Seward,Kansas,"27"
"22023",Cameron,Louisiana,"45"
"22041",Franklin,Louisiana,"22"
"22051",Jefferson,Louisiana,"36"
"22075",Plaquemines,Louisiana,"26"
"39171",Williams,Ohio,"9"
"20017",Chase,Kansas,"32"
"20183",Smith,Kansas,"34"
"20189",Stevens,Kansas,"22"
"20037",Crawford,Kansas,"26"
"20027",Clay,Kansas,"29"
"20031",Coffey,Kansas,"17"
"29223",Wayne,Missouri,"14"
"29510",St. Louis,Missouri,"2"
"21021",Boyle,Kentucky,"3"
"36107",Tioga,New York,"5"
"20159",Rice,Kansas,"32"
"20169",Saline,Kansas,"28"
"21137",Lincoln,Kentucky,"7"
"39147",Seneca,Ohio,"16"
"39153",Summit,Ohio,"11"
"40037",Creek,Oklahoma,"51"
"34037",Sussex,New Jersey,"3"
"32023",Nye,Nevada,"4"
"32510",Carson City,Nevada,"1"
"40039",Custer,Oklahoma,"50"
"40043",Dewey,Oklahoma,"42"
"39131",Pike,Ohio,"3"
"29077",Greene,Missouri,"26"
"28115",Pontotoc,Mississippi,"18"
"28129",Smith,Mississippi,"36"
"31177",Washington,Nebraska,"13"
"20125",Montgomery,Kansas,"30"
"20209",Wyandotte,Kansas,"6"
"21001",Adair,Kentucky,"9"
"21077",Gallatin,Kentucky,"2"
"23021",Piscataquis,Maine,"5"
"06103",Tehama,California,"6"
"40009",Beckham,Oklahoma,"56"
"40019",Carter,Oklahoma,"42"
"31041",Custer,Nebraska,"83"
"38089",Stark,North Dakota,"14"
"26131",Ontonagon,Michigan,"2"
"38061",Mountrail,North Dakota,"22"
"29001",Adair,Missouri,"6"
"51790",Staunton,Virginia,"0"
"40069",Johnston,Oklahoma,"20"
"46097",Miner,South Dakota,"29"
"21171",Monroe,Kentucky,"3"
"26075",Jackson,Michigan,"15"
"26079",Kalkaska,Michigan,"5"
"26095",Luce,Michigan,"2"
"26133",Osceola,Michigan,"13"
"26143",Roscommon,Michigan,"8"
"39007",Ashtabula,Ohio,"10"
"36121",Wyoming,New York,"3"
"37121",Mitchell,North Carolina,"0"
"37141",Pender,North Carolina,"22"
"39073",Hocking,Ohio,"2"
"39077",Huron,Ohio,"20"
"46099",Minnehaha,South Dakota,"38"
"54015",Clay,West Virginia,"0"
"26119",Montmorency,Michigan,"6"
"21103",Henry,Kentucky,"7"
"36033",Franklin,New York,"2"
"36051",Livingston,New York,"2"
"31055",Douglas,Nebraska,"14"
"40047",Garfield,Oklahoma,"62"
"13047",Catoosa,Georgia,"0"
"20131",Nemaha,Kansas,"26"
"20141",Osborne,Kansas,"36"
"31047",Dawson,Nebraska,"47"
"47039",Decatur,Tennessee,"1"
"55025",Dane,Wisconsin,"45"
"39129",Pickaway,Ohio,"18"
"39019",Carroll,Ohio,"2"
"35003",Catron,New Mexico,"0"
"35021",Harding,New Mexico,"7"
"35037",Quay,New Mexico,"33"
"20193",Thomas,Kansas,"41"
"21013",Bell,Kentucky,"6"
"39097",Madison,Ohio,"7"
"28067",Jones,Mississippi,"49"
"21173",Montgomery,Kentucky,"3"
"29119",McDonald,Missouri,"15"
"31161",Sheridan,Nebraska,"44"
"55039",Fond du Lac,Wisconsin,"33"
"55059",Kenosha,Wisconsin,"5"
"39151",Stark,Ohio,"13"
"40031",Comanche,Oklahoma,"50"
"28071",Lafayette,Mississippi,"15"
"28085",Lincoln,Mississippi,"29"
"39083",Knox,Ohio,"10"
"39091",Logan,Ohio,"6"
"29061",Daviess,Missouri,"14"
"29067",Douglas,Missouri,"16"
"40121",Pittsburg,Oklahoma,"66"
"40127",Pushmataha,Oklahoma,"29"
"46125",Turner,South Dakota,"34"
"21199",Pulaski,Kentucky,"13"
"26149",St. Joseph,Michigan,"7"
"39157",Tuscarawas,Ohio,"9"
"26153",Schoolcraft,Michigan,"1"
"26155",Shiawassee,Michigan,"19"
"27081",Lincoln,Minnesota,"15"
"39117",Morrow,Ohio,"13"
"27033",Cottonwood,Minnesota,"10"
"27043",Faribault,Minnesota,"18"
"39143",Sandusky,Ohio,"4"
"46107",Potter,South Dakota,"15"
"48365",Panola,Texas,"26"
"53013",Columbia,Washington,"1"
"39165",Warren,Ohio,"13"
"39133",Portage,Ohio,"9"
"39013",Belmont,Ohio,"3"
"31065",Furnas,Nebraska,"22"
"31071",Garfield,Nebraska,"10"
"31089",Holt,Nebraska,"71"
"39107",Mercer,Ohio,"10"
"39121",Noble,Ohio,"3"
"21227",Warren,Kentucky,"15"
"53029",Island,Washington,"0"
"53035",Kitsap,Washington,"2"
"53041",Lewis,Washington,"1"
"51830",Williamsburg,Virginia,"1"
"55015",Calumet,Wisconsin,"18"
"55021",Columbia,Wisconsin,"30"
"39017",Butler,Ohio,"13"
"35047",San Miguel,New Mexico,"12"
"35057",Torrance,New Mexico,"11"
"33013",Merrimack,New Hampshire,"3"
"39155",Trumbull,Ohio,"13"
"28133",Sunflower,Mississippi,"21"
"22003",Allen,Louisiana,"11"
"22021",Caldwell,Louisiana,"12"
"18059",Hancock,Indiana,"15"
"20021",Cherokee,Kansas,"35"
"27141",Sherburne,Minnesota,"9"
"27147",Steele,Minnesota,"13"
"27151",Swift,Minnesota,"26"
"35061",Valencia,New Mexico,"6"
"21213",Simpson,Kentucky,"9"
"13235",Pulaski,Georgia,"12"
"13249",Schley,Georgia,"3"
"20147",Phillips,Kansas,"34"
"20151",Pratt,Kansas,"53"
"20153",Rawlins,Kansas,"45"
"17019",Champaign,Illinois,"55"
"47131",Obion,Tennessee,"7"
"13065",Clinch,Georgia,"5"
"13161",Jeff Davis,Georgia,"5"
"21111",Jefferson,Kentucky,"13"
"19171",Tama,Iowa,"36"
"12099",Palm Beach,Florida,"134"
"12067",Lafayette,Florida,"10"
"22121",West Baton Rouge,Louisiana,"8"
"01053",Escambia,Alabama,"22"
"01067",Henry,Alabama,"20"
"21129",Lee,Kentucky,"2"
"19077",Guthrie,Iowa,"13"
"19081",Hancock,Iowa,"22"
"19089",Howard,Iowa,"24"
"13011",Banks,Georgia,"5"
"27131",Rice,Minnesota,"22"
"27135",Roseau,Minnesota,"33"
"42079",Luzerne,Pennsylvania,"17"
"45011",Barnwell,South Carolina,"18"
"47181",Wayne,Tennessee,"11"
"48009",Archer,Texas,"27"
"50003",Bennington,Vermont,"5"
"19167",Sioux,Iowa,"35"
"13207",Monroe,Georgia,"10"
"18173",Warrick,Indiana,"13"
"17179",Tazewell,Illinois,"50"
"13057",Cherokee,Georgia,"19"
"17057",Fulton,Illinois,"35"
"13085",Dawson,Georgia,"5"
"08115",Sedgwick,Colorado,"28"
"13225",Peach,Georgia,"5"
"05089",Marion,Arkansas,"15"
"19173",Taylor,Iowa,"20"
"48417",Shackelford,Texas,"22"
"48421",Sherman,Texas,"23"
"48431",Sterling,Texas,"11"
"48435",Sutton,Texas,"5"
"42047",Elk,Pennsylvania,"5"
"13253",Seminole,Georgia,"4"
"13277",Tift,Georgia,"13"
"48369",Parmer,Texas,"47"
"48381",Randall,Texas,"68"
"17041",Douglas,Illinois,"19"
"05113",Polk,Arkansas,"25"
"26125",Oakland,Michigan,"26"
"21169",Metcalfe,Kentucky,"9"
"48487",Wilbarger,Texas,"41"
"48493",Wilson,Texas,"12"
"42075",Lebanon,Pennsylvania,"14"
"25019",Nantucket,Massachusetts,"0"
"36095",Schoharie,New York,"1"
"19095",Iowa,Iowa,"20"
"19099",Jasper,Iowa,"24"
"13015",Bartow,Georgia,"14"
"47075",Haywood,Tennessee,"9"
"17051",Fayette,Illinois,"14"
"05055",Greene,Arkansas,"20"
"08014",Broomfield,Colorado,"3"
"05065",Izard,Arkansas,"17"
"05071",Johnson,Arkansas,"24"
"19101",Jefferson,Iowa,"8"
"19105",Jones,Iowa,"19"
"19109",Kossuth,Iowa,"28"
"12019",Clay,Florida,"20"
"12049",Hardee,Florida,"17"
"19057",Des Moines,Iowa,"13"
"20061",Geary,Kansas,"13"
"42123",Warren,Pennsylvania,"10"
"13095",Dougherty,Georgia,"16"
"27083",Lyon,Minnesota,"19"
"19161",Sac,Iowa,"8"
"13049",Charlton,Georgia,"7"
"42119",Union,Pennsylvania,"4"
"13177",Lee,Georgia,"8"
"36099",Seneca,New York,"0"
"33001",Belknap,New Hampshire,"6"
"08099",Prowers,Colorado,"68"
"45037",Edgefield,South Carolina,"11"
"29055",Crawford,Missouri,"13"
"26001",Alcona,Michigan,"10"
"13167",Johnson,Georgia,"5"
"27093",Meeker,Minnesota,"17"
"27099",Mower,Minnesota,"26"
"21145",McCracken,Kentucky,"13"
"26039",Crawford,Michigan,"8"
"26045",Eaton,Michigan,"22"
"08041",El Paso,Colorado,"75"
"19137",Montgomery,Iowa,"16"
"13043",Candler,Georgia,"5"
"18069",Huntington,Indiana,"13"
"18073",Jasper,Indiana,"15"
"37087",Haywood,North Carolina,"1"
"37155",Robeson,North Carolina,"30"
"38105",Williams,North Dakota,"25"
"48139",Ellis,Texas,"45"
"48403",Sabine,Texas,"13"
"48481",Wharton,Texas,"61"
"41001",Baker,Oregon,"4"
"41045",Malheur,Oregon,"9"
"42063",Indiana,Pennsylvania,"8"
"45053",Jasper,South Carolina,"7"
"18029",Dearborn,Indiana,"10"
"18131",Pulaski,Indiana,"12"
"18139",Rush,Indiana,"11"
"08047",Gilpin,Colorado,"0"
"08089",Otero,Colorado,"17"
"19047",Crawford,Iowa,"29"
"40061",Haskell,Oklahoma,"26"
"29137",Monroe,Missouri,"15"
"31169",Thayer,Nebraska,"48"
"47161",Stewart,Tennessee,"12"
"17023",Clark,Illinois,"9"
"19043",Clayton,Iowa,"13"
"19053",Decatur,Iowa,"13"
"20171",Scott,Kansas,"34"
"19133",Monona,Iowa,"18"
"26019",Benzie,Michigan,"3"
"26035",Clare,Michigan,"7"
"20071",Greeley,Kansas,"29"
"20123",Mitchell,Kansas,"37"
"42065",Jefferson,Pennsylvania,"8"
"44003",Kent,Rhode Island,"2"
"17061",Greene,Illinois,"12"
"18105",Monroe,Indiana,"15"
"18117",Orange,Indiana,"8"
"18137",Ripley,Indiana,"11"
"05083",Logan,Arkansas,"19"
"40081",Lincoln,Oklahoma,"58"
"19071",Fremont,Iowa,"24"
"19023",Butler,Iowa,"17"
"19029",Cass,Iowa,"24"
"08103",Rio Blanco,Colorado,"2"
"08109",Saguache,Colorado,"5"
"05031",Craighead,Arkansas,"26"
"26009",Antrim,Michigan,"6"
"27117",Pipestone,Minnesota,"12"
"27121",Pope,Minnesota,"15"
"27041",Douglas,Minnesota,"15"
"19115",Louisa,Iowa,"9"
"19125",Marion,Iowa,"18"
"13187",Lumpkin,Georgia,"9"
"17009",Brown,Illinois,"6"
"08119",Teller,Colorado,"5"
"12001",Alachua,Florida,"42"
"09015",Windham,Connecticut,"4"
"12027",DeSoto,Florida,"30"
"05123",St. Francis,Arkansas,"14"
"26011",Arenac,Michigan,"5"
"18043",Floyd,Indiana,"6"
"21215",Spencer,Kentucky,"5"
"21221",Trigg,Kentucky,"8"
"22059",LaSalle,Louisiana,"11"
"22073",Ouachita,Louisiana,"28"
"22083",Richland,Louisiana,"19"
"22087",St. Bernard,Louisiana,"5"
"40071",Kay,Oklahoma,"81"
"09003",Hartford,Connecticut,"15"
"05141",Van Buren,Arkansas,"23"
"26117",Montcalm,Michigan,"7"
"26121",Muskegon,Michigan,"7"
"49055",Wayne,Utah,"7"
"42081",Lycoming,Pennsylvania,"23"
"19061",Dubuque,Iowa,"21"
"19067",Floyd,Iowa,"13"
"19139",Muscatine,Iowa,"25"
"19143",Osceola,Iowa,"20"
"19153",Polk,Iowa,"46"
"19157",Poweshiek,Iowa,"23"
"26101",Manistee,Michigan,"2"
"19005",Allamakee,Iowa,"8"
"19013",Black Hawk,Iowa,"28"
"19019",Buchanan,Iowa,"33"
"20139",Osage,Kansas,"33"
"42069",Lackawanna,Pennsylvania,"4"
"40115",Ottawa,Oklahoma,"22"
"27045",Fillmore,Minnesota,"7"
"27123",Ramsey,Minnesota,"2"
"13099",Early,Georgia,"20"
"16053",Jerome,Idaho,"5"
"54061",Monongalia,West Virginia,"5"
"42007",Beaver,Pennsylvania,"14"
"48353",Nolan,Texas,"44"
"48357",Ochiltree,Texas,"42"
"48367",Parker,Texas,"60"
"54069",Ohio,West Virginia,"0"
"28037",Franklin,Mississippi,"14"
"28041",Greene,Mississippi,"15"
"48221",Hood,Texas,"21"
"48227",Howard,Texas,"44"
"38087",Slope,North Dakota,"9"
"13089",DeKalb,Georgia,"6"
"12061",Indian River,Florida,"22"
"13285",Troup,Georgia,"14"
"17085",Jo Daviess,Illinois,"12"
"17089",Kane,Illinois,"21"
"45039",Fairfield,South Carolina,"20"
"13115",Floyd,Georgia,"14"
"42021",Cambria,Pennsylvania,"16"
"18141",St. Joseph,Indiana,"26"
"18149",Starke,Indiana,"12"
"13125",Glascock,Georgia,"0"
"13255",Spalding,Georgia,"7"
"13259",Stewart,Georgia,"6"
"08081",Moffat,Colorado,"7"
"27001",Aitkin,Minnesota,"11"
"42037",Columbia,Pennsylvania,"6"
"17069",Hardin,Illinois,"4"
"17151",Pope,Illinois,"9"
"26077",Kalamazoo,Michigan,"24"
"42107",Schuylkill,Pennsylvania,"11"
"17071",Henderson,Illinois,"12"
"30037",Golden Valley,Montana,"0"
"30051",Liberty,Montana,"4"
"27005",Becker,Minnesota,"29"
"38023",Divide,North Dakota,"12"
"51173",Smyth,Virginia,"3"
"01077",Lauderdale,Alabama,"30"
"01083",Limestone,Alabama,"25"
"13067",Cobb,Georgia,"22"
"13081",Crisp,Georgia,"4"
"37097",Iredell,North Carolina,"13"
"37169",Stokes,North Carolina,"3"
"51510",Alexandria,Virginia,"1"
"51013",Arlington,Virginia,"0"
"13165",Jenkins,Georgia,"8"
"26073",Isabella,Michigan,"12"
"18005",Bartholomew,Indiana,"14"
"18015",Carroll,Indiana,"9"
"16071",Oneida,Idaho,"3"
"17167",Sangamon,Illinois,"68"
"18163",Vanderburgh,Indiana,"16"
"18165",Vermillion,Indiana,"8"
"18169",Wabash,Indiana,"13"
"54055",Mercer,West Virginia,"1"
"13299",Ware,Georgia,"12"
"26093",Livingston,Michigan,"18"
"17203",Woodford,Illinois,"32"
"08085",Montrose,Colorado,"3"
"12021",Collier,Florida,"56"
"12051",Hendry,Florida,"25"
"17147",Piatt,Illinois,"25"
"48097",Cooke,Texas,"49"
"48113",Dallas,Texas,"72"
"13307",Webster,Georgia,"2"
"17141",Ogle,Illinois,"19"
"17157",Randolph,Illinois,"33"
"47109",McNairy,Tennessee,"12"
"47113",Madison,Tennessee,"25"
"48445",Terry,Texas,"32"
"48483",Wheeler,Texas,"41"
"53039",Klickitat,Washington,"0"
"54035",Jackson,West Virginia,"1"
"48127",Dimmit,Texas,"3"
"27133",Rock,Minnesota,"12"
"54101",Webster,West Virginia,"0"
"55005",Barron,Wisconsin,"29"
"17165",Saline,Illinois,"9"
"18001",Adams,Indiana,"15"
"01125",Tuscaloosa,Alabama,"48"
"04017",Navajo,Arizona,"15"
"56019",Johnson,Wyoming,"16"
"55089",Ozaukee,Wisconsin,"3"
"39001",Adams,Ohio,"10"
"28091",Marion,Mississippi,"25"
"51045",Craig,Virginia,"0"
"51580",Covington,Virginia,"0"
"51600",Fairfax,Virginia,"1"
"17081",Jefferson,Illinois,"16"
"13035",Butts,Georgia,"2"
"27019",Carver,Minnesota,"13"
"27029",Clearwater,Minnesota,"16"
"39169",Wayne,Ohio,"15"
"42001",Adams,Pennsylvania,"15"
"28095",Monroe,Mississippi,"16"
"47133",Overton,Tennessee,"8"
"49041",Sevier,Utah,"2"
"26043",Dickinson,Michigan,"6"
"26057",Gratiot,Michigan,"13"
"26067",Ionia,Michigan,"19"
"36069",Ontario,New York,"3"
"28105",Oktibbeha,Mississippi,"15"
"31039",Cuming,Nebraska,"23"
"13193",Macon,Georgia,"5"
"16001",Ada,Idaho,"12"
"26087",Lapeer,Michigan,"15"
"26091",Lenawee,Michigan,"25"
"21127",Lawrence,Kentucky,"0"
"13293",Upson,Georgia,"7"
"17133",Monroe,Illinois,"26"
"47043",Dickson,Tennessee,"11"
"54097",Upshur,West Virginia,"0"
"45023",Chester,South Carolina,"12"
"50007",Chittenden,Vermont,"5"
"31113",Logan,Nebraska,"11"
"42009",Bedford,Pennsylvania,"9"
"18079",Jennings,Indiana,"9"
"17181",Union,Illinois,"12"
"17191",Wayne,Illinois,"12"
"17195",Whiteside,Illinois,"19"
"42053",Forest,Pennsylvania,"3"
"48149",Fayette,Texas,"26"
"48155",Foard,Texas,"19"
"48183",Gregg,Texas,"22"
"50011",Franklin,Vermont,"7"
"26005",Allegan,Michigan,"18"
"18093",Lawrence,Indiana,"11"
"05047",Franklin,Arkansas,"15"
"13055",Chattooga,Georgia,"3"
"05137",Stone,Arkansas,"17"
"08061",Kiowa,Colorado,"49"
"08075",Logan,Colorado,"83"
"48189",Hale,Texas,"115"
"40007",Beaver,Oklahoma,"55"
"13321",Worth,Georgia,"25"
"17109",McDonough,Illinois,"24"
"17113",McLean,Illinois,"91"
"26025",Calhoun,Michigan,"13"
"13101",Echols,Georgia,"3"
"17099",LaSalle,Illinois,"30"
"17103",Lee,Illinois,"21"
"17105",Livingston,Illinois,"27"
"51197",Wythe,Virginia,"0"
"37179",Union,North Carolina,"16"
"17123",Marshall,Illinois,"7"
"13109",Evans,Georgia,"3"
"48397",Rockwall,Texas,"11"
"18155",Switzerland,Indiana,"4"
"37025",Cabarrus,North Carolina,"11"
"37035",Catawba,North Carolina,"10"
"13211",Morgan,Georgia,"3"
"40105",Nowata,Oklahoma,"20"
"40111",Okmulgee,Oklahoma,"34"
"26031",Cheboygan,Michigan,"6"
"54089",Summers,West Virginia,"2"
"51115",Mathews,Virginia,"2"
"51169",Scott,Virginia,"3"
"17083",Jersey,Illinois,"11"
"39071",Highland,Ohio,"11"
"39079",Jackson,Ohio,"4"
"48267",Kimble,Texas,"3"
"28117",Prentiss,Mississippi,"15"
"28125",Sharkey,Mississippi,"21"
"29135",Moniteau,Missouri,"20"
"48271",Kinney,Texas,"11"
"51650",Hampton,Virginia,"5"
"37143",Perquimans,North Carolina,"6"
"29221",Washington,Missouri,"17"
"39069",Henry,Ohio,"8"
"29075",Gentry,Missouri,"16"
"29079",Grundy,Missouri,"8"
"29165",Platte,Missouri,"8"
"17111",McHenry,Illinois,"13"
"30107",Wheatland,Montana,"7"
"46047",Fall River,South Dakota,"30"
"37191",Wayne,North Carolina,"20"
"38001",Adams,North Dakota,"22"
"29225",Webster,Missouri,"23"
"36085",Richmond,New York,"3"
"28059",Jackson,Mississippi,"43"
"29093",Iron,Missouri,"11"
"56037",Sweetwater,Wyoming,"18"
"54079",Putnam,West Virginia,"5"
"39089",Licking,Ohio,"17"
"45085",Sumter,South Carolina,"15"
"46007",Bennett,South Dakota,"23"
"18089",Lake,Indiana,"20"
"18107",Montgomery,Indiana,"17"
"18161",Union,Indiana,"2"
"19021",Buena Vista,Iowa,"11"
"36117",Wayne,New York,"3"
"48177",Gonzales,Texas,"20"
"48191",Hall,Texas,"46"
"48219",Hockley,Texas,"58"
"12005",Bay,Florida,"63"
"48257",Kaufman,Texas,"24"
"31021",Burt,Nebraska,"11"
"36011",Cayuga,New York,"5"
"31141",Platte,Nebraska,"28"
"31145",Red Willow,Nebraska,"30"
"31149",Rock,Nebraska,"16"
"48247",Jim Hogg,Texas,"2"
"48021",Bastrop,Texas,"23"
"29111",Lewis,Missouri,"13"
"53001",Adams,Washington,"2"
"53063",Spokane,Washington,"11"
"40153",Woodward,Oklahoma,"39"
"17139",Moultrie,Illinois,"7"
"55091",Pepin,Wisconsin,"6"
"37033",Caswell,North Carolina,"4"
"37185",Warren,North Carolina,"4"
"37187",Washington,North Carolina,"7"
"33005",Cheshire,New Hampshire,"13"
"35001",Bernalillo,New Mexico,"10"
"28107",Panola,Mississippi,"11"
"36027",Dutchess,New York,"11"
"17193",White,Illinois,"11"
"18047",Franklin,Indiana,"5"
"05111",Poinsett,Arkansas,"27"
"38015",Burleigh,North Dakota,"43"
"29025",Caldwell,Missouri,"7"
"29091",Howell,Missouri,"28"
"20191",Sumner,Kansas,"66"
"21039",Carlisle,Kentucky,"2"
"48197",Hardeman,Texas,"32"
"31067",Gage,Nebraska,"38"
"31077",Greeley,Nebraska,"16"
"46065",Hughes,South Dakota,"15"
"54051",Marshall,West Virginia,"2"
"31097",Johnson,Nebraska,"14"
"20145",Pawnee,Kansas,"29"
"26123",Newaygo,Michigan,"13"
"31127",Nemaha,Nebraska,"22"
"37109",Lincoln,North Carolina,"15"
"37197",Yadkin,North Carolina,"8"
"31083",Harlan,Nebraska,"16"
"31093",Howard,Nebraska,"34"
"55071",Manitowoc,Wisconsin,"19"
"42113",Sullivan,Pennsylvania,"10"
"48209",Hays,Texas,"23"
"48233",Hutchinson,Texas,"54"
"48307",McCulloch,Texas,"20"
"31173",Thurston,Nebraska,"10"
"31175",Valley,Nebraska,"19"
"35006",Cibola,New Mexico,"1"
"35009",Curry,New Mexico,"46"
"31131",Otoe,Nebraska,"23"
"31139",Pierce,Nebraska,"28"
"48123",DeWitt,Texas,"15"
"48125",Dickens,Texas,"32"
"51680",Lynchburg,Virginia,"0"
"51683",Manassas,Virginia,"2"
"13005",Bacon,Georgia,"11"
"13045",Carroll,Georgia,"20"
"21163",Meade,Kentucky,"7"
"21191",Pendleton,Kentucky,"5"
"39051",Fulton,Ohio,"8"
"30065",Musselshell,Montana,"5"
"35013",Dona Ana,New Mexico,"11"
"55083",Oconto,Wisconsin,"8"
"48077",Clay,Texas,"24"
"48081",Coke,Texas,"15"
"40099",Murray,Oklahoma,"26"
"13087",Decatur,Georgia,"21"
"27155",Traverse,Minnesota,"9"
"27159",Wadena,Minnesota,"8"
"27169",Winona,Minnesota,"10"
"36049",Lewis,New York,"4"
"39059",Guernsey,Ohio,"5"
"05027",Columbia,Arkansas,"24"
"48087",Collingsworth,Texas,"35"
"48235",Irion,Texas,"11"
"48243",Jeff Davis,Texas,"11"
"48249",Jim Wells,Texas,"40"
"29181",Ripley,Missouri,"13"
"31013",Box Butte,Nebraska,"34"
"48281",Lampasas,Texas,"11"
"48291",Liberty,Texas,"45"
"41009",Columbia,Oregon,"3"
"28065",Jefferson Davis,Mississippi,"17"
"28069",Kemper,Mississippi,"17"
"29107",Lafayette,Missouri,"19"
"13061",Clay,Georgia,"4"
"28039",George,Mississippi,"11"
"37081",Guilford,North Carolina,"12"
"37119",Mecklenburg,North Carolina,"16"
"37171",Surry,North Carolina,"4"
"28005",Amite,Mississippi,"18"
"28113",Pike,Mississippi,"19"
"17025",Clay,Illinois,"11"
"55049",Iowa,Wisconsin,"16"
"48253",Jones,Texas,"69"
"51550",Chesapeake,Virginia,"9"
"46129",Walworth,South Dakota,"21"
"51065",Fluvanna,Virginia,"4"
"51520",Bristol,Virginia,"1"
"28063",Jefferson,Mississippi,"21"
"28127",Simpson,Mississippi,"35"
"17049",Effingham,Illinois,"19"
"01007",Bibb,Alabama,"11"
"30097",Sweet Grass,Montana,"2"
"01019",Cherokee,Alabama,"9"
"28015",Carroll,Mississippi,"14"
"55031",Douglas,Wisconsin,"8"
"01085",Lowndes,Alabama,"15"
"55101",Racine,Wisconsin,"14"
"28135",Tallahatchie,Mississippi,"15"
"28145",Union,Mississippi,"8"
"55129",Washburn,Wisconsin,"7"
"46051",Grant,South Dakota,"17"
"41057",Tillamook,Oregon,"3"
"46045",Edmunds,South Dakota,"21"
"20081",Haskell,Kansas,"20"
"20093",Kearny,Kansas,"27"
"46043",Douglas,South Dakota,"20"
"29053",Cooper,Missouri,"14"
"30103",Treasure,Montana,"2"
"35028",Los Alamos,New Mexico,"0"
"28019",Choctaw,Mississippi,"5"
"37181",Vance,North Carolina,"5"
"28073",Lamar,Mississippi,"22"
"46057",Hamlin,South Dakota,"15"
"55135",Waupaca,Wisconsin,"13"
"28025",Clay,Mississippi,"13"
"48085",Collin,Texas,"41"
"48095",Concho,Texas,"23"
"48111",Dallam,Texas,"35"
"48115",Dawson,Texas,"44"
"36021",Columbia,New York,"12"
"30109",Wibaux,Montana,"5"
"29131",Miller,Missouri,"23"
"28155",Webster,Mississippi,"9"
"29039",Cedar,Missouri,"10"
"48047",Brooks,Texas,"5"
"48105",Crockett,Texas,"12"
"28031",Covington,Mississippi,"21"
"28035",Forrest,Mississippi,"27"
"05125",Saline,Arkansas,"36"
"21143",Lyon,Kentucky,"1"
"39081",Jefferson,Ohio,"2"
"37005",Alleghany,North Carolina,"1"
"34039",Union,New Jersey,"10"
"29051",Cole,Missouri,"5"
"21219",Todd,Kentucky,"8"
"22049",Jackson,Louisiana,"25"
"06049",Modoc,California,"0"
"06087",Santa Cruz,California,"4"
"17033",Crawford,Illinois,"12"
"40119",Payne,Oklahoma,"39"
"29147",Nodaway,Missouri,"26"
"29151",Osage,Missouri,"7"
"46091",Marshall,South Dakota,"14"
"35027",Lincoln,New Mexico,"11"
"35053",Socorro,New Mexico,"4"
"39031",Coshocton,Ohio,"4"
"39033",Crawford,Ohio,"9"
"21073",Franklin,Kentucky,"5"
"28099",Neshoba,Mississippi,"27"
"28147",Walthall,Mississippi,"15"
"51750",Radford,Virginia,"0"
"40123",Pontotoc,Oklahoma,"39"
"27059",Isanti,Minnesota,"11"
"37041",Chowan,North Carolina,"9"
"39037",Darke,Ohio,"14"
"26105",Mason,Michigan,"3"
"48439",Tarrant,Texas,"83"
"16055",Kootenai,Idaho,"2"
"39057",Greene,Ohio,"14"
"39065",Hardin,Ohio,"7"
"29185",St. Clair,Missouri,"16"
"21047",Christian,Kentucky,"8"
"21081",Grant,Kentucky,"2"
"46103",Pennington,South Dakota,"38"
"37061",Duplin,North Carolina,"24"
"01045",Dale,Alabama,"27"
"31159",Seward,Nebraska,"25"
"31165",Sioux,Nebraska,"22"
"31111",Lincoln,Nebraska,"78"
"31115",Loup,Nebraska,"14"
"56011",Crook,Wyoming,"28"
"56017",Hot Springs,Wyoming,"2"
"56023",Lincoln,Wyoming,"5"
"56027",Niobrara,Wyoming,"34"
"12063",Jackson,Florida,"30"
"27055",Houston,Minnesota,"6"
"01105",Perry,Alabama,"8"
"25023",Plymouth,Massachusetts,"8"
"46061",Hanson,South Dakota,"16"
"47095",Lake,Tennessee,"6"
"47099",Lawrence,Tennessee,"22"
"56007",Carbon,Wyoming,"16"
"55093",Pierce,Wisconsin,"14"
"55097",Portage,Wisconsin,"20"
"38039",Griggs,North Dakota,"24"
"46115",Spink,South Dakota,"35"
"18049",Fulton,Indiana,"9"
"18057",Hamilton,Indiana,"18"
"18077",Jefferson,Indiana,"9"
"18127",Porter,Indiana,"14"
"38029",Emmons,North Dakota,"38"
"38057",Mercer,North Dakota,"14"
"12101",Pasco,Florida,"72"
"47179",Washington,Tennessee,"2"
"20163",Rooks,Kansas,"43"
"39023",Clark,Ohio,"12"
"39139",Richland,Ohio,"20"
"30017",Custer,Montana,"7"
"40129",Roger Mills,Oklahoma,"36"
"40149",Washita,Oklahoma,"42"
"27085",McLeod,Minnesota,"15"
"31179",Wayne,Nebraska,"9"
"31183",Wheeler,Nebraska,"9"
"32017",Lincoln,Nevada,"6"
"32021",Mineral,Nevada,"0"
"32027",Pershing,Nevada,"0"
"37003",Alexander,North Carolina,"4"
"35005",Chaves,New Mexico,"44"
"30021",Dawson,Montana,"14"
"49031",Piute,Utah,"1"
"18019",Clark,Indiana,"11"
"38043",Kidder,North Dakota,"17"
"29083",Henry,Missouri,"10"
"39041",Delaware,Ohio,"4"
"46037",Day,South Dakota,"21"
"47061",Grundy,Tennessee,"6"
"47069",Hardeman,Tennessee,"13"
"47071",Hardin,Tennessee,"10"
"29097",Jasper,Missouri,"36"
"32029",Storey,Nevada,"0"
"39027",Clinton,Ohio,"19"
"21091",Hancock,Kentucky,"4"
"12081",Manatee,Florida,"78"
"41037",Lake,Oregon,"2"
"48121",Denton,Texas,"35"
"48133",Eastland,Texas,"49"
"48269",King,Texas,"15"
"48327",Menard,Texas,"2"
"28101",Newton,Mississippi,"26"
"29117",Livingston,Missouri,"9"
"29121",Macon,Missouri,"13"
"46027",Clay,South Dakota,"26"
"17055",Franklin,Illinois,"5"
"16081",Teton,Idaho,"1"
"05079",Lincoln,Arkansas,"17"
"20201",Washington,Kansas,"31"
"20205",Wilson,Kansas,"13"
"48447",Throckmorton,Texas,"34"
"29139",Montgomery,Missouri,"15"
"47103",Lincoln,Tennessee,"21"
"31121",Merrick,Nebraska,"21"
"31125",Nance,Nebraska,"18"
"46135",Yankton,South Dakota,"26"
"05127",Scott,Arkansas,"4"
"13199",Meriwether,Georgia,"9"
"21211",Shelby,Kentucky,"13"
"40091",McIntosh,Oklahoma,"34"
"19037",Chickasaw,Iowa,"21"
"55141",Wood,Wisconsin,"13"
"30079",Prairie,Montana,"3"
"38019",Cavalier,North Dakota,"27"
"38021",Dickey,North Dakota,"26"
"47027",Clay,Tennessee,"0"
"47047",Fayette,Tennessee,"16"
"55027",Dodge,Wisconsin,"53"
"21015",Boone,Kentucky,"11"
"21087",Green,Kentucky,"7"
"20167",Russell,Kansas,"59"
"27035",Crow Wing,Minnesota,"18"
"18033",DeKalb,Indiana,"11"
"18039",Elkhart,Indiana,"17"
"36015",Chemung,New York,"2"
"48305",Lynn,Texas,"44"
"13091",Dodge,Georgia,"9"
"46033",Custer,South Dakota,"10"
"36109",Tompkins,New York,"4"
"40085",Love,Oklahoma,"17"
"37071",Gaston,North Carolina,"12"
"21019",Boyd,Kentucky,"3"
"12011",Broward,Florida,"105"
"13119",Franklin,Georgia,"11"
"19149",Plymouth,Iowa,"37"
"47023",Chester,Tennessee,"6"
"08007",Archuleta,Colorado,"1"
"38083",Sheridan,North Dakota,"14"
"20127",Morris,Kansas,"24"
"20129",Morton,Kansas,"19"
"20133",Neosho,Kansas,"32"
"17013",Calhoun,Illinois,"8"
"12015",Charlotte,Florida,"43"
"27017",Carlton,Minnesota,"4"
"31163",Sherman,Nebraska,"23"
"29141",Morgan,Missouri,"17"
"29145",Newton,Missouri,"36"
"46031",Corson,South Dakota,"21"
"36039",Greene,New York,"7"
"47083",Houston,Tennessee,"3"
"55133",Waukesha,Wisconsin,"20"
"21009",Barren,Kentucky,"10"
"29205",Shelby,Missouri,"8"
"29211",Sullivan,Missouri,"6"
"48331",Milam,Texas,"16"
"48363",Palo Pinto,Texas,"24"
"36041",Hamilton,New York,"4"
"36093",Schenectady,New York,"2"
"28077",Lawrence,Mississippi,"18"
"22089",St. Charles,Louisiana,"13"
"22093",St. James,Louisiana,"3"
"20187",Stanton,Kansas,"17"
"23009",Hancock,Maine,"2"
"27049",Goodhue,Minnesota,"18"
"13129",Gordon,Georgia,"6"
"29007",Audrain,Missouri,"20"
"42015",Bradford,Pennsylvania,"12"
"46029",Codington,South Dakota,"24"
"28097",Montgomery,Mississippi,"12"
"38009",Bottineau,North Dakota,"28"
"38011",Bowman,North Dakota,"8"
"29215",Texas,Missouri,"21"
"29219",Warren,Missouri,"8"
"18045",Fountain,Indiana,"6"
"27065",Kanabec,Minnesota,"6"
"21035",Calloway,Kentucky,"17"
"21053",Clinton,Kentucky,"8"
"28111",Perry,Mississippi,"15"
"29045",Clark,Missouri,"10"
"29073",Gasconade,Missouri,"5"
"54077",Preston,West Virginia,"10"
"35041",Roosevelt,New Mexico,"50"
"44005",Newport,Rhode Island,"0"
"37073",Gates,North Carolina,"4"
"38013",Burke,North Dakota,"11"
"19051",Davis,Iowa,"14"
"05035",Crittenden,Arkansas,"12"
"51760",Richmond,Virginia,"10"
"53023",Garfield,Washington,"1"
"20003",Anderson,Kansas,"13"
"20047",Edwards,Kansas,"25"
"20119",Meade,Kansas,"40"
"20157",Republic,Kansas,"53"
"50015",Lamoille,Vermont,"3"
"40059",Harper,Oklahoma,"25"
"31063",Frontier,Nebraska,"29"
"41029",Jackson,Oregon,"0"
"16011",Bingham,Idaho,"14"
"38069",Pierce,North Dakota,"15"
"39005",Ashland,Ohio,"11"
"17095",Knox,Illinois,"21"
"21157",Marshall,Kentucky,"11"
"40139",Texas,Oklahoma,"65"
"48137",Edwards,Texas,"4"
"48217",Hill,Texas,"42"
"48299",Llano,Texas,"10"
"18011",Boone,Indiana,"25"
"20121",Miami,Kansas,"16"
"31143",Polk,Nebraska,"22"
"32005",Douglas,Nevada,"0"
"31087",Hitchcock,Nebraska,"26"
"31117",McPherson,Nebraska,"6"
"42109",Snyder,Pennsylvania,"6"
"23005",Cumberland,Maine,"8"
"17035",Cumberland,Illinois,"8"
"17039",De Witt,Illinois,"17"
"20041",Dickinson,Kansas,"35"
"20137",Norton,Kansas,"19"
"42025",Carbon,Pennsylvania,"1"
"20179",Sheridan,Kansas,"26"
"26151",Sanilac,Michigan,"13"
"17079",Jasper,Illinois,"13"
"51021",Bland,Virginia,"0"
"40109",Oklahoma,Oklahoma,"89"
"40083",Logan,Oklahoma,"40"
"40137",Stephens,Oklahoma,"48"
"29123",Madison,Missouri,"17"
"29187",St. Francois,Missouri,"16"
"41041",Lincoln,Oregon,"2"
"17155",Putnam,Illinois,"6"
"18023",Clinton,Indiana,"13"
"18063",Hendricks,Indiana,"18"
"18145",Shelby,Indiana,"25"
"26161",Washtenaw,Michigan,"25"
"38041",Hettinger,North Dakota,"14"
"40063",Hughes,Oklahoma,"29"
"35023",Hidalgo,New Mexico,"2"
"37157",Rockingham,North Carolina,"6"
"37195",Wilson,North Carolina,"9"
"31181",Webster,Nebraska,"31"
"37151",Randolph,North Carolina,"13"
"17101",Lawrence,Illinois,"6"
"12003",Baker,Florida,"10"
"53003",Asotin,Washington,"0"
"19011",Benton,Iowa,"24"
"31007",Banner,Nebraska,"17"
"40025",Cimarron,Oklahoma,"39"
"40147",Washington,Oklahoma,"25"
"41053",Polk,Oregon,"2"
"51840",Winchester,Virginia,"1"
"13175",Laurens,Georgia,"17"
"08123",Weld,Colorado,"233"
"27009",Benton,Minnesota,"11"
"27057",Hubbard,Minnesota,"10"
"26069",Iosco,Michigan,"7"
"18135",Randolph,Indiana,"14"
"31027",Cedar,Nebraska,"19"
"31043",Dakota,Nebraska,"6"
"55045",Green,Wisconsin,"17"
"46025",Clark,South Dakota,"24"
"17117",Macoupin,Illinois,"26"
"56009",Converse,Wyoming,"36"
"42077",Lehigh,Pennsylvania,"8"
"49053",Washington,Utah,"0"
"18153",Sullivan,Indiana,"8"
"19123",Mahaska,Iowa,"18"
"21117",Kenton,Kentucky,"5"
"29186",Ste. Genevieve,Missouri,"5"
"31099",Kearney,Nebraska,"19"
"21105",Hickman,Kentucky,"5"
"13247",Rockdale,Georgia,"4"
"17077",Jackson,Illinois,"21"
"18183",Whitley,Indiana,"10"
"27007",Beltrami,Minnesota,"24"
"19015",Boone,Iowa,"41"
"31045",Dawes,Nebraska,"27"
"29229",Wright,Missouri,"10"
"30041",Hill,Montana,"5"
"31005",Arthur,Nebraska,"8"
"12043",Glades,Florida,"14"
"39015",Brown,Ohio,"11"
"35025",Lea,New Mexico,"89"
"38031",Foster,North Dakota,"12"
"13147",Hart,Georgia,"10"
"05097",Montgomery,Arkansas,"9"
"06105",Trinity,California,"0"
"08107",Routt,Colorado,"2"
"12103",Pinellas,Florida,"102"
"13017",Ben Hill,Georgia,"12"
"51183",Sussex,Virginia,"6"
"13071",Colquitt,Georgia,"27"
"41063",Wallowa,Oregon,"2"
"39029",Columbiana,Ohio,"15"
"48027",Bell,Texas,"62"
"19065",Fayette,Iowa,"21"
"19093",Ida,Iowa,"10"
"13033",Burke,Georgia,"7"
"48375",Potter,Texas,"28"
"48461",Upton,Texas,"14"
"48495",Winkler,Texas,"9"
"19119",Lyon,Iowa,"34"
"17087",Johnson,Illinois,"10"
"51590",Danville,Virginia,"3"
"27079",Le Sueur,Minnesota,"11"
"42087",Mifflin,Pennsylvania,"3"
"20007",Barber,Kansas,"33"
"20117",Marshall,Kansas,"30"
"19121",Madison,Iowa,"14"
"19151",Pocahontas,Iowa,"21"
"19179",Wapello,Iowa,"18"
"27039",Dodge,Minnesota,"10"
"27063",Jackson,Minnesota,"16"
"48415",Scurry,Texas,"34"
"27111",Otter Tail,Minnesota,"51"
"27165",Watonwan,Minnesota,"11"
"19107",Keokuk,Iowa,"24"
"20207",Woodson,Kansas,"8"
"21061",Edmonson,Kentucky,"2"
"38079",Rolette,North Dakota,"13"
"48193",Hamilton,Texas,"20"
"48433",Stonewall,Texas,"22"
"48505",Zapata,Texas,"5"
"13297",Walton,Georgia,"9"
"19033",Cerro Gordo,Iowa,"27"
"17201",Winnebago,Illinois,"9"
"19059",Dickinson,Iowa,"21"
"19183",Washington,Iowa,"14"
"20075",Hamilton,Kansas,"23"
"01011",Bullock,Alabama,"8"
"39113",Montgomery,Ohio,"11"
"18167",Vigo,Indiana,"13"
"37067",Forsyth,North Carolina,"14"
"19063",Emmet,Iowa,"14"
"27115",Pine,Minnesota,"8"
"13231",Pike,Georgia,"5"
"26021",Berrien,Michigan,"24"
"39141",Ross,Ohio,"7"
"51820",Waynesboro,Virginia,"2"
"48059",Callahan,Texas,"43"
"55033",Dunn,Wisconsin,"11"
"28045",Hancock,Mississippi,"31"
"27143",Sibley,Minnesota,"24"
"20039",Decatur,Kansas,"42"
"27105",Nobles,Minnesota,"31"
"19177",Van Buren,Iowa,"18"
"20011",Bourbon,Kansas,"14"
"55087",Outagamie,Wisconsin,"13"
"39063",Hancock,Ohio,"12"
"39149",Shelby,Ohio,"5"
"28079",Leake,Mississippi,"21"
"29155",Pemiscot,Missouri,"27"
"54053",Mason,West Virginia,"3"
"27149",Stevens,Minnesota,"13"
"36023",Cortland,New York,"3"
"01003",Baldwin,Alabama,"82"
"01109",Pike,Alabama,"29"
"04015",Mohave,Arizona,"15"
"05091",Miller,Arkansas,"14"
"55017",Chippewa,Wisconsin,"24"
"55019",Clark,Wisconsin,"16"
"38047",Logan,North Dakota,"13"
"38049",McHenry,North Dakota,"23"
"47171",Unicoi,Tennessee,"1"
"26059",Hillsdale,Michigan,"22"
"28139",Tippah,Mississippi,"15"
"26029",Charlevoix,Michigan,"3"
"26111",Midland,Michigan,"8"
"35059",Union,New Mexico,"28"
"39085",Lake,Ohio,"1"
"35031",McKinley,New Mexico,"0"
"41071",Yamhill,Oregon,"3"
"27025",Chisago,Minnesota,"11"
"12085",Martin,Florida,"25"
"40029",Coal,Oklahoma,"20"
"28009",Benton,Mississippi,"8"
"33011",Hillsborough,New Hampshire,"18"
"36001",Albany,New York,"4"
"23029",Washington,Maine,"4"
"50023",Washington,Vermont,"0"
"01127",Walker,Alabama,"34"
"29059",Dallas,Missouri,"7"
"29063",DeKalb,Missouri,"12"
"36007",Broome,New York,"5"
"28131",Stone,Mississippi,"16"
"29049",Clinton,Missouri,"16"
"48099",Coryell,Texas,"28"
"22027",Claiborne,Louisiana,"17"
"26047",Emmet,Michigan,"4"
"29217",Vernon,Missouri,"20"
"04019",Pima,Arizona,"20"
"56043",Washakie,Wyoming,"7"
"20005",Atchison,Kansas,"16"
"46013",Brown,South Dakota,"73"
"46017",Buffalo,South Dakota,"15"
"31049",Deuel,Nebraska,"24"
"55109",St. Croix,Wisconsin,"22"
"55137",Waushara,Wisconsin,"13"
"56025",Natrona,Wyoming,"30"
"40049",Garvin,Oklahoma,"40"
"51800",Suffolk,Virginia,"12"
"17045",Edgar,Illinois,"23"
"50001",Addison,Vermont,"1"
"47007",Bledsoe,Tennessee,"4"
"26113",Missaukee,Michigan,"8"
"26129",Ogemaw,Michigan,"13"
"36037",Genesee,New York,"1"
"50013",Grand Isle,Vermont,"1"
"38073",Ransom,North Dakota,"22"
"46069",Hyde,South Dakota,"12"
"56021",Laramie,Wyoming,"95"
"31185",York,Nebraska,"37"
"33019",Sullivan,New Hampshire,"4"
"19193",Woodbury,Iowa,"49"
"55115",Shawano,Wisconsin,"11"
"51035",Carroll,Virginia,"2"
"01031",Coffee,Alabama,"31"
"01123",Tallapoosa,Alabama,"22"
"35049",Santa Fe,New Mexico,"16"
"47011",Bradley,Tennessee,"13"
"31107",Knox,Nebraska,"43"
"21233",Webster,Kentucky,"9"
"53069",Wahkiakum,Washington,"0"
"55095",Polk,Wisconsin,"20"
"55125",Vilas,Wisconsin,"11"
"41013",Crook,Oregon,"0"
"36005",Bronx,New York,"0"
"36055",Monroe,New York,"2"
"48319",Mason,Texas,"11"
"48359",Oldham,Texas,"15"
"48425",Somervell,Texas,"4"
"51670",Hopewell,Virginia,"3"
"54029",Hancock,West Virginia,"1"
"28119",Quitman,Mississippi,"5"
"55053",Jackson,Wisconsin,"12"
"19039",Clarke,Iowa,"11"
"12091",Okaloosa,Florida,"72"
"36035",Fulton,New York,"7"
"39109",Miami,Ohio,"14"
"31085",Hayes,Nebraska,"13"
"31147",Richardson,Nebraska,"17"
"51530",Buena Vista,Virginia,"0"
"28057",Itawamba,Mississippi,"5"
"29037",Cass,Missouri,"24"
"47051",Franklin,Tennessee,"13"
"16017",Bonner,Idaho,"3"
"20099",Labette,Kansas,"31"
"31017",Brown,Nebraska,"28"
"40015",Caddo,Oklahoma,"92"
"19091",Humboldt,Iowa,"15"
"29209",Stone,Missouri,"12"
"28081",Lee,Mississippi,"17"
"55047",Green Lake,Wisconsin,"24"
"55055",Jefferson,Wisconsin,"23"
"05087",Madison,Arkansas,"9"
"08087",Morgan,Colorado,"67"
"39093",Lorain,Ohio,"22"
"46053",Gregory,South Dakota,"20"
"46102",Oglala Lakota,South Dakota,"23"
"48393",Roberts,Texas,"31"
"36089",St. Lawrence,New York,"10"
"38025",Dunn,North Dakota,"16"
"35035",Otero,New Mexico,"14"
"06029",Kern,California,"11"
"06071",San Bernardino,California,"28"
"08063",Kit Carson,Colorado,"93"
"54009",Brooke,West Virginia,"1"
"31135",Perkins,Nebraska,"33"
"17001",Adams,Illinois,"27"
"51071",Giles,Virginia,"0"
"32019",Lyon,Nevada,"6"
"48013",Atascosa,Texas,"17"
"48023",Baylor,Texas,"22"
"48033",Borden,Texas,"8"
"48071",Chambers,Texas,"25"
"55041",Forest,Wisconsin,"3"
"39045",Fairfield,Ohio,"10"
"05033",Crawford,Arkansas,"16"
"29163",Pike,Missouri,"13"
"36083",Rensselaer,New York,"10"
"54105",Wirt,West Virginia,"0"
"48019",Bandera,Texas,"7"
"51770",Roanoke,Virginia,"1"
"51775",Salem,Virginia,"1"
"13275",Thomas,Georgia,"10"
"31079",Hall,Nebraska,"61"
"08045",Garfield,Colorado,"0"
"13227",Pickens,Georgia,"1"
"48181",Grayson,Texas,"58"
"48195",Hansford,Texas,"44"
"48211",Hemphill,Texas,"33"
"48295",Lipscomb,Texas,"33"
"51620",Franklin,Virginia,"2"
"55103",Richland,Wisconsin,"7"
"55065",Lafayette,Wisconsin,"21"
"13281",Towns,Georgia,"1"
"47137",Pickett,Tennessee,"5"
"46083",Lincoln,South Dakota,"53"
"31129",Nuckolls,Nebraska,"33"
"31157",Scotts Bluff,Nebraska,"54"
"48297",Live Oak,Texas,"21"
"46081",Lawrence,South Dakota,"14"
"31001",Adams,Nebraska,"41"
"55078",Menominee,Wisconsin,"0"
"51710",Norfolk,Virginia,"8"
"51735",Poquoson,Virginia,"2"
"29169",Pulaski,Missouri,"14"
"20103",Leavenworth,Kansas,"25"
"51660",Harrisonburg,Virginia,"0"
"38063",Nelson,North Dakota,"28"
"38081",Sargent,North Dakota,"20"
"31019",Buffalo,Nebraska,"66"
"31011",Boone,Nebraska,"19"
"31015",Boyd,Nebraska,"11"
"29175",Randolph,Missouri,"6"
"30025",Fallon,Montana,"10"
"48101",Cottle,Texas,"19"
"48259",Kendall,Texas,"20"
"48463",Uvalde,Texas,"14"
"19145",Page,Iowa,"32"
"31101",Keith,Nebraska,"44"
"55013",Burnett,Wisconsin,"10"
"36003",Allegany,New York,"6"
"29065",Dent,Missouri,"10"
"55009",Brown,Wisconsin,"15"
"47017",Carroll,Tennessee,"15"
"51640",Galax,Virginia,"0"
"55061",Kewaunee,Wisconsin,"7"
"20197",Wabaunsee,Kansas,"25"
"51700",Newport News,Virginia,"7"
"55063",La Crosse,Wisconsin,"12"
"50021",Rutland,Vermont,"0"
"46019",Butte,South Dakota,"14"
"48325",Medina,Texas,"19"
"48329",Midland,Texas,"31"
"48335",Mitchell,Texas,"48"
"51077",Grayson,Virginia,"1"
"08025",Crowley,Colorado,"16"
"55131",Washington,Wisconsin,"12"
"34017",Hudson,New Jersey,"1"
"17037",DeKalb,Illinois,"10"
"29153",Ozark,Missouri,"24"
"30011",Carter,Montana,"10"
"31069",Garden,Nebraska,"20"
"12017",Citrus,Florida,"49"
"20161",Riley,Kansas,"21"
"21059",Daviess,Kentucky,"16"
"39173",Wood,Ohio,"18"
"17093",Kendall,Illinois,"12"
"17127",Massac,Illinois,"6"
"39087",Lawrence,Ohio,"4"
"35043",Sandoval,New Mexico,"7"
"37045",Cleveland,North Carolina,"15"
"55035",Eau Claire,Wisconsin,"16"
"55099",Price,Wisconsin,"19"
"31057",Dundy,Nebraska,"21"
"31075",Grant,Nebraska,"14"
"31105",Kimball,Nebraska,"42"
"28061",Jasper,Mississippi,"15"
"17119",Madison,Illinois,"41"
"21121",Knox,Kentucky,"2"
"21177",Muhlenberg,Kentucky,"9"
"54103",Wetzel,West Virginia,"1"
"55107",Rusk,Wisconsin,"10"
"48443",Terrell,Texas,"5"
"48491",Williamson,Texas,"48"
"51009",Amherst,Virginia,"1"
"51047",Culpeper,Virginia,"9"
"39145",Scioto,Ohio,"14"
"40003",Alfalfa,Oklahoma,"34"
"46119",Sully,South Dakota,"17"
"19031",Cedar,Iowa,"27"
"20019",Chautauqua,Kansas,"13"
"20079",Harvey,Kansas,"39"
"20107",Linn,Kansas,"13"
"46101",Moody,South Dakota,"8"
"55117",Sheboygan,Wisconsin,"6"
"55139",Winnebago,Wisconsin,"23"
"05081",Little River,Arkansas,"9"
"12083",Marion,Florida,"56"
"13127",Glynn,Georgia,"17"
"29115",Linn,Missouri,"12"
"51119",Middlesex,Virginia,"4"
"51139",Page,Virginia,"1"
"51730",Petersburg,Virginia,"5"
"37129",New Hanover,North Carolina,"14"
"37167",Stanly,North Carolina,"10"
"38077",Richland,North Dakota,"39"
"45079",Richland,South Carolina,"31"
"06017",El Dorado,California,"1"
"12125",Union,Florida,"5"
"19085",Harrison,Iowa,"16"
"47015",Cannon,Tennessee,"6"
"48159",Franklin,Texas,"8"
"32007",Elko,Nevada,"13"
"17163",St. Clair,Illinois,"32"
"30111",Yellowstone,Montana,"17"
"31025",Cass,Nebraska,"30"
"22019",Calcasieu,Louisiana,"70"
"47141",Putnam,Tennessee,"8"
"47175",Van Buren,Tennessee,"3"
"48039",Brazoria,Texas,"76"
"48223",Hopkins,Texas,"27"
"48321",Matagorda,Texas,"45"
"48387",Red River,Texas,"21"
"46137",Ziebach,South Dakota,"12"
"47059",Greene,Tennessee,"6"
"01099",Monroe,Alabama,"20"
"42129",Westmoreland,Pennsylvania,"23"
"48003",Andrews,Texas,"22"
"48265",Kerr,Texas,"12"
"48293",Limestone,Texas,"18"
"48437",Swisher,Texas,"64"
"06067",Sacramento,California,"10"
"17143",Peoria,Illinois,"18"
"01079",Lawrence,Alabama,"15"
"19069",Franklin,Iowa,"14"
"16067",Minidoka,Idaho,"5"
"42057",Fulton,Pennsylvania,"2"
"27037",Dakota,Minnesota,"19"
"05139",Union,Arkansas,"25"
"27051",Grant,Minnesota,"13"
"48075",Childress,Texas,"21"
"45031",Darlington,South Carolina,"20"
"17169",Schuyler,Illinois,"15"
"17171",Scott,Illinois,"5"
"54091",Taylor,West Virginia,"3"
"13173",Lanier,Georgia,"2"
"48237",Jack,Texas,"13"
"20035",Cowley,Kansas,"46"
"13131",Grady,Georgia,"13"
"20155",Reno,Kansas,"65"
"12117",Seminole,Florida,"25"
"13013",Barrow,Georgia,"5"
"45049",Hampton,South Carolina,"14"
"48063",Camp,Texas,"8"
"16077",Power,Idaho,"17"
"49015",Emery,Utah,"6"
"22039",Evangeline,Louisiana,"23"
"51097",King and Queen,Virginia,"5"
"06007",Butte,California,"13"
"13241",Rabun,Georgia,"3"
"01025",Clarke,Alabama,"26"
"08067",La Plata,Colorado,"5"
"13263",Talbot,Georgia,"5"
"21037",Campbell,Kentucky,"1"
"16047",Gooding,Idaho,"5"
"48255",Karnes,Texas,"19"
"47111",Macon,Tennessee,"5"
"48153",Floyd,Texas,"42"
"48169",Garza,Texas,"17"
"17199",Williamson,Illinois,"5"
"46021",Campbell,South Dakota,"13"
"28093",Marshall,Mississippi,"16"
"29089",Howard,Missouri,"6"
"36101",Steuben,New York,"4"
"37063",Durham,North Carolina,"6"
"35029",Luna,New Mexico,"3"
"29003",Andrew,Missouri,"22"
"29015",Benton,Missouri,"22"
"51690",Martinsville,Virginia,"2"
"19129",Mills,Iowa,"14"
"21023",Bracken,Kentucky,"4"
"37135",Orange,North Carolina,"5"
"38091",Steele,North Dakota,"28"
"08095",Phillips,Colorado,"36"
"48207",Haskell,Texas,"45"
"54075",Pocahontas,West Virginia,"0"
"25015",Hampshire,Massachusetts,"10"
"21115",Johnson,Kentucky,"1"
"39161",Van Wert,Ohio,"18"
"29043",Christian,Missouri,"20"
"13097",Douglas,Georgia,"8"
"13155",Irwin,Georgia,"7"
"38075",Renville,North Dakota,"20"
"38093",Stutsman,North Dakota,"44"
"39003",Allen,Ohio,"14"
"39021",Champaign,Ohio,"5"
"01081",Lee,Alabama,"17"
"26127",Oceana,Michigan,"5"
"26145",Saginaw,Michigan,"21"
"49039",Sanpete,Utah,"9"
"50005",Caledonia,Vermont,"0"
"51167",Russell,Virginia,"1"
"51595",Emporia,Virginia,"0"
"51678",Lexington,Virginia,"0"
"41069",Wheeler,Oregon,"0"
"42085",Mercer,Pennsylvania,"15"
"22061",Lincoln,Louisiana,"19"
"28027",Coahoma,Mississippi,"20"
"51061",Fauquier,Virginia,"21"
"55029",Door,Wisconsin,"5"
"21095",Harlan,Kentucky,"2"
"47079",Henry,Tennessee,"14"
"42125",Washington,Pennsylvania,"9"
"06015",Del Norte,California,"6"
"16003",Adams,Idaho,"4"
"21107",Hopkins,Kentucky,"8"
"16049",Idaho,Idaho,"1"
"36063",Niagara,New York,"4"
"51117",Mecklenburg,Virginia,"7"
"13153",Houston,Georgia,"13"
"23001",Androscoggin,Maine,"3"
"21185",Oldham,Kentucky,"6"
"27047",Freeborn,Minnesota,"34"
"28003",Alcorn,Mississippi,"15"
"28123",Scott,Mississippi,"25"
"42039",Crawford,Pennsylvania,"26"
"18025",Crawford,Indiana,"5"
"21161",Mason,Kentucky,"6"
"27003",Anoka,Minnesota,"11"
"31155",Saunders,Nebraska,"34"
"45075",Orangeburg,South Carolina,"47"
"48201",Harris,Texas,"204"
"39011",Auglaize,Ohio,"9"
"20115",Marion,Kansas,"38"
"20165",Rush,Kansas,"30"
"26107",Mecosta,Michigan,"8"
"40051",Grady,Oklahoma,"53"
"40077",Latimer,Oklahoma,"15"
"18081",Johnson,Indiana,"11"
"29103",Knox,Missouri,"4"
"29127",Marion,Missouri,"10"
"29161",Phelps,Missouri,"19"
"39049",Franklin,Ohio,"24"
"22007",Assumption,Louisiana,"15"
"05059",Hot Spring,Arkansas,"23"
"05143",Washington,Arkansas,"19"
"40011",Blaine,Oklahoma,"37"
"29179",Reynolds,Missouri,"10"
"40097",Mayes,Oklahoma,"46"
"26049",Genesee,Michigan,"36"
"21057",Cumberland,Kentucky,"4"
"39111",Monroe,Ohio,"2"
"46105",Perkins,South Dakota,"21"
"42093",Montour,Pennsylvania,"3"
"08057",Jackson,Colorado,"1"
"33009",Grafton,New Hampshire,"9"
"39101",Marion,Ohio,"13"
"30063",Missoula,Montana,"3"
"36111",Ulster,New York,"8"
"23017",Oxford,Maine,"11"
"45013",Beaufort,South Carolina,"19"
"34011",Cumberland,New Jersey,"9"
"48345",Motley,Texas,"17"
"25027",Worcester,Massachusetts,"33"
"47187",Williamson,Tennessee,"14"
"04025",Yavapai,Arizona,"24"
"08079",Mineral,Colorado,"1"
"41067",Washington,Oregon,"3"
"18013",Brown,Indiana,"5"
"26081",Kent,Michigan,"24"
"26085",Lake,Michigan,"2"
"55081",Monroe,Wisconsin,"18"
"21149",McLean,Kentucky,"6"
"29071",Franklin,Missouri,"17"
"29213",Taney,Missouri,"8"
"30091",Sheridan,Montana,"6"
"19155",Pottawattamie,Iowa,"35"
"18087",Lagrange,Indiana,"8"
"18113",Noble,Indiana,"11"
"29101",Johnson,Missouri,"29"
"18151",Steuben,Indiana,"9"
"26157",Tuscola,Michigan,"14"
"29129",Mercer,Missouri,"8"
"36087",Rockland,New York,"1"
"47067",Hancock,Tennessee,"1"
"47033",Crockett,Tennessee,"9"
"47159",Smith,Tennessee,"6"
"48073",Cherokee,Texas,"26"
"30047",Lake,Montana,"2"
"31059",Fillmore,Nebraska,"23"
"22013",Bienville,Louisiana,"25"
"22085",Sabine,Louisiana,"16"
"26109",Menominee,Michigan,"4"
"04027",Yuma,Arizona,"10"
"13105",Elbert,Georgia,"9"
"21223",Trimble,Kentucky,"2"
"31061",Franklin,Nebraska,"24"
"47077",Henderson,Tennessee,"8"
"48031",Blanco,Texas,"11"
"16057",Latah,Idaho,"3"
"37011",Avery,North Carolina,"1"
"21225",Union,Kentucky,"11"
"48501",Yoakum,Texas,"24"
"37077",Granville,North Carolina,"7"
"13163",Jefferson,Georgia,"10"
"13221",Oglethorpe,Georgia,"5"
"26083",Keweenaw,Michigan,"0"
"16005",Bannock,Idaho,"7"
"49013",Duchesne,Utah,"4"
"51001",Accomack,Virginia,"6"
"51109",Louisa,Virginia,"8"
"51163",Rockbridge,Virginia,"1"
"53017",Douglas,Washington,"2"
"05075",Lawrence,Arkansas,"16"
"05131",Sebastian,Arkansas,"22"
"06065",Riverside,California,"19"
"01069",Houston,Alabama,"32"
"01121",Talladega,Alabama,"25"
"04012",La Paz,Arizona,"1"
"13039",Camden,Georgia,"18"
"40087",McClain,Oklahoma,"38"
"27027",Clay,Minnesota,"32"
"27113",Pennington,Minnesota,"4"
"29099",Jefferson,Missouri,"27"
"48117",Deaf Smith,Texas,"39"
"48147",Fannin,Texas,"44"
"17065",Hamilton,Illinois,"7"
"45033",Dillon,South Carolina,"15"
"31073",Gosper,Nebraska,"15"
"39075",Holmes,Ohio,"7"
"48171",Gillespie,Texas,"14"
"55079",Milwaukee,Wisconsin,"15"
"26139",Ottawa,Michigan,"17"
